#,影片名稱,秒數
15,"=HYPERLINK(""https://manage.italkutalk.com/gameTimeCheck/88B1DA8D836871D21324214AE66A2FD26B741B27?aI9eILYr-30"", ""[電影] 魚樂園"")",03:38
16,"=HYPERLINK(""https://manage.italkutalk.com/gameTimeCheck/88B1DA8D836871D21324214AE66A2FD26B741B27?XrFDGLDO4AI"", ""[節目] 長城繪"")",03:42
17,"=HYPERLINK(""https://manage.italkutalk.com/gameTimeCheck/88B1DA8D836871D21324214AE66A2FD26B741B27?N0zhdMwD2Z8"", ""[演講] 柯文哲的生死的智慧"")",18:23
18,"=HYPERLINK(""https://manage.italkutalk.com/gameTimeCheck/88B1DA8D836871D21324214AE66A2FD26B741B27?Ap0w3PgSK7g"", ""[演講] 呂世浩的學歷史的大用"")",19:45
19,"=HYPERLINK(""https://manage.italkutalk.com/gameTimeCheck/88B1DA8D836871D21324214AE66A2FD26B741B27?SsYqGUYBPXo"", ""[演講] 李烈的逆境中的軟哲學"")",18:29
73,"=HYPERLINK(""https://manage.italkutalk.com/gameTimeCheck/88B1DA8D836871D21324214AE66A2FD26B741B27?PXNu6mRj2YE"", ""[旅行] 瑞芳五分山騎單車"")",05:01
76,"=HYPERLINK(""https://manage.italkutalk.com/gameTimeCheck/88B1DA8D836871D21324214AE66A2FD26B741B27?ziPlHti9Jh0"", ""[時尚] 劉嘉玲送給女人的生意經"")",03:33
77,"=HYPERLINK(""https://manage.italkutalk.com/gameTimeCheck/88B1DA8D836871D21324214AE66A2FD26B741B27?TRScJA3Dt5o"", ""[訪談] 吃吃的愛"")",02:52
78,"=HYPERLINK(""https://manage.italkutalk.com/gameTimeCheck/88B1DA8D836871D21324214AE66A2FD26B741B27?1UD65xHp1gw"", ""[脫口秀] 博恩買了韓國瑜的書"")",02:04
96,"=HYPERLINK(""https://manage.italkutalk.com/gameTimeCheck/88B1DA8D836871D21324214AE66A2FD26B741B27?78zepIThqFM"", ""[旅行] 桃園大溪老街和豆干"")",03:02
230,"=HYPERLINK(""https://manage.italkutalk.com/gameTimeCheck/88B1DA8D836871D21324214AE66A2FD26B741B27?LERnXvrpMTc"", ""[美食] 只要兩種材料的巧克力蛋糕"")",05:26
289,"=HYPERLINK(""https://manage.italkutalk.com/gameTimeCheck/88B1DA8D836871D21324214AE66A2FD26B741B27?EDL9h4UFvSA"", ""[美食] 權力遊戲 冰原狼麵包"")",03:41
296,"=HYPERLINK(""https://manage.italkutalk.com/gameTimeCheck/88B1DA8D836871D21324214AE66A2FD26B741B27?re=youtu.be"", ""[訪談] 台灣綜藝教父的家"")",03:45
301,"=HYPERLINK(""https://manage.italkutalk.com/gameTimeCheck/88B1DA8D836871D21324214AE66A2FD26B741B27?WyI&index=7"", ""[時尚] 林依晨在紐約玩街拍"")",01:17
302,"=HYPERLINK(""https://manage.italkutalk.com/gameTimeCheck/88B1DA8D836871D21324214AE66A2FD26B741B27?yI&index=11"", ""[時尚] 林志玲母親節送暖"")",01:14
332,"=HYPERLINK(""https://manage.italkutalk.com/gameTimeCheck/88B1DA8D836871D21324214AE66A2FD26B741B27?T0xUGvV6Sg4"", ""[時尚] 桂綸鎂的改變世界的那個人，可能就是你"")",03:04
333,"=HYPERLINK(""https://manage.italkutalk.com/gameTimeCheck/88B1DA8D836871D21324214AE66A2FD26B741B27?_AnFDHip8Rw"", ""[時尚] 桂綸鎂: 對不起，我不足了 "")",04:07
400,"=HYPERLINK(""https://manage.italkutalk.com/gameTimeCheck/88B1DA8D836871D21324214AE66A2FD26B741B27?pyMel_pggA4"", ""[生活] 幫包包減肥的方法與心得分享"")",03:27
404,"=HYPERLINK(""https://manage.italkutalk.com/gameTimeCheck/88B1DA8D836871D21324214AE66A2FD26B741B27?2k4OaBIdXLM"", ""[分享] 台風少年團馬嘉祺"")",00:57
405,"=HYPERLINK(""https://manage.italkutalk.com/gameTimeCheck/88B1DA8D836871D21324214AE66A2FD26B741B27?xxDpfbU7UeM"", ""[旅行] 旅遊度假時, 穿搭必備的單品"")",02:19
406,"=HYPERLINK(""https://manage.italkutalk.com/gameTimeCheck/88B1DA8D836871D21324214AE66A2FD26B741B27?yI&index=15"", ""[旅行] 泰國旅遊簽證新制"")",01:49
408,"=HYPERLINK(""https://manage.italkutalk.com/gameTimeCheck/88B1DA8D836871D21324214AE66A2FD26B741B27?U0Z8u7sPY3U"", ""[留學] 省錢上美國大學的方法"")",02:16
417,"=HYPERLINK(""https://manage.italkutalk.com/gameTimeCheck/88B1DA8D836871D21324214AE66A2FD26B741B27?I-LiBDH_GOw"", ""[時尚] 林依晨英倫圓夢演出 "")",02:26
420,"=HYPERLINK(""https://manage.italkutalk.com/gameTimeCheck/88B1DA8D836871D21324214AE66A2FD26B741B27?IJD-xhcYRFE"", ""[時尚] 桂綸鎂在巴黎的夜晚 "")",02:12
421,"=HYPERLINK(""https://manage.italkutalk.com/gameTimeCheck/88B1DA8D836871D21324214AE66A2FD26B741B27?XeeGa5B-HnE"", ""[知識] 股票的故事"")",02:26
422,"=HYPERLINK(""https://manage.italkutalk.com/gameTimeCheck/88B1DA8D836871D21324214AE66A2FD26B741B27?agOM_-0Q0K8"", ""[科學] 飛鴿傳書是怎麼一回事"")",03:23
423,"=HYPERLINK(""https://manage.italkutalk.com/gameTimeCheck/88B1DA8D836871D21324214AE66A2FD26B741B27?kLnNv2MtEWo"", ""[知識] 為什麼手濕濕的不要碰電源"")",02:05
424,"=HYPERLINK(""https://manage.italkutalk.com/gameTimeCheck/88B1DA8D836871D21324214AE66A2FD26B741B27?xh&index=10"", ""[科學] 為什麼有時白開水會有甜味"")",02:35
425,"=HYPERLINK(""https://manage.italkutalk.com/gameTimeCheck/88B1DA8D836871D21324214AE66A2FD26B741B27?rJWcr1dyyq8"", ""[科學] 為什麼到晚上會想睡覺"")",02:20
427,"=HYPERLINK(""https://manage.italkutalk.com/gameTimeCheck/88B1DA8D836871D21324214AE66A2FD26B741B27?oNmr_P-hD9I"", ""[教育] 親愛的家長 素養教育你也有責"")",03:53
465,"=HYPERLINK(""https://manage.italkutalk.com/gameTimeCheck/88B1DA8D836871D21324214AE66A2FD26B741B27?Y25liY5xUMo"", ""[教育] 從國小開始教就夠了嗎"")",02:14
466,"=HYPERLINK(""https://manage.italkutalk.com/gameTimeCheck/88B1DA8D836871D21324214AE66A2FD26B741B27?TPfuD31Ot5o"", ""[知識] 溝通術：交流、說服與談判訣竅"")",03:16
468,"=HYPERLINK(""https://manage.italkutalk.com/gameTimeCheck/88B1DA8D836871D21324214AE66A2FD26B741B27?p6s4dNTuYO8"", ""[時尚] 許瑋甯的健身操教學訪談 "")",01:36
469,"=HYPERLINK(""https://manage.italkutalk.com/gameTimeCheck/88B1DA8D836871D21324214AE66A2FD26B741B27?8fLiopvxWFU"", ""[時尚] 稱霸台灣90年代超模們"")",02:19
471,"=HYPERLINK(""https://manage.italkutalk.com/gameTimeCheck/88B1DA8D836871D21324214AE66A2FD26B741B27?XCTTusu2pHE"", ""[時尚] 台灣攝影師蔡宇"")",02:32
472,"=HYPERLINK(""https://manage.italkutalk.com/gameTimeCheck/88B1DA8D836871D21324214AE66A2FD26B741B27?figD2E5t4b8"", ""[時尚] 招瑜珈動作增加身體核心穩定"")",02:59
482,"=HYPERLINK(""https://manage.italkutalk.com/gameTimeCheck/88B1DA8D836871D21324214AE66A2FD26B741B27?ON-cqH_mXmY"", ""[生活] 明星豪宅設計師的家 "")",03:48
483,"=HYPERLINK(""https://manage.italkutalk.com/gameTimeCheck/88B1DA8D836871D21324214AE66A2FD26B741B27?ZMPr9ejJzxw"", ""[時尚] 蕭亞軒的年假美貌攻略"")",01:56
486,"=HYPERLINK(""https://manage.italkutalk.com/gameTimeCheck/88B1DA8D836871D21324214AE66A2FD26B741B27?JXJYQkHOEN8"", ""[時尚] 林辰唏分享當媽心路歷程"")",03:12
487,"=HYPERLINK(""https://manage.italkutalk.com/gameTimeCheck/88B1DA8D836871D21324214AE66A2FD26B741B27?CFeTQRIF30k"", ""[時尚] 蔡瑞雪分享懶人健身術"")",01:23
497,"=HYPERLINK(""https://manage.italkutalk.com/gameTimeCheck/88B1DA8D836871D21324214AE66A2FD26B741B27?kPR14v2OkLk"", ""[科學] 為什麼，你會容易情緒失控"")",03:09
498,"=HYPERLINK(""https://manage.italkutalk.com/gameTimeCheck/88B1DA8D836871D21324214AE66A2FD26B741B27?5PFjRzhI4K4"", ""[科學] 文科女生好，理科男生強"")",01:33
500,"=HYPERLINK(""https://manage.italkutalk.com/gameTimeCheck/88B1DA8D836871D21324214AE66A2FD26B741B27?kGhBONCTN_8"", ""[知識] 可口可樂10個你可能不知道的事"")",03:38
501,"=HYPERLINK(""https://manage.italkutalk.com/gameTimeCheck/88B1DA8D836871D21324214AE66A2FD26B741B27?dItBxYtUH8s"", ""[知識] 6個咖啡的冷知識  "")",01:41
503,"=HYPERLINK(""https://manage.italkutalk.com/gameTimeCheck/88B1DA8D836871D21324214AE66A2FD26B741B27?re=youtu.be"", ""[趣事] 交換禮物收到豪宅"")",02:33
510,"=HYPERLINK(""https://manage.italkutalk.com/gameTimeCheck/88B1DA8D836871D21324214AE66A2FD26B741B27?Ek5ik5s1AwU"", ""[家庭] 台灣夫妻的養老豪宅"")",03:54
513,"=HYPERLINK(""https://manage.italkutalk.com/gameTimeCheck/88B1DA8D836871D21324214AE66A2FD26B741B27?olLseabw50Y"", ""[設計] 建立自己的色彩品味資料庫"")",01:54
514,"=HYPERLINK(""https://manage.italkutalk.com/gameTimeCheck/88B1DA8D836871D21324214AE66A2FD26B741B27?muyow7lx-1s"", ""[科技] Vyond 是什麼"")",01:29
515,"=HYPERLINK(""https://manage.italkutalk.com/gameTimeCheck/88B1DA8D836871D21324214AE66A2FD26B741B27?S2NIWvIHMq8"", ""[教育] 善用玩具在家也能學注音"")",02:30
517,"=HYPERLINK(""https://manage.italkutalk.com/gameTimeCheck/88B1DA8D836871D21324214AE66A2FD26B741B27?vnkoIcXivM4"", ""[技能] 超人氣吸睛表達力－職場必學表達課"")",02:37
523,"=HYPERLINK(""https://manage.italkutalk.com/gameTimeCheck/88B1DA8D836871D21324214AE66A2FD26B741B27?1c7EDb8M7x4"", ""[時尚] 曲家瑞專訪高圓圓  "")",02:41
524,"=HYPERLINK(""https://manage.italkutalk.com/gameTimeCheck/88B1DA8D836871D21324214AE66A2FD26B741B27?UmoOpASJ9kY"", ""[生活] 為什麽大牌明星都愛這個男人"")",02:06
537,"=HYPERLINK(""https://manage.italkutalk.com/gameTimeCheck/88B1DA8D836871D21324214AE66A2FD26B741B27?loOsEz1aIeI"", ""[故事] 沒有經歷過的事情，不要輕易不相信"")",01:48
540,"=HYPERLINK(""https://manage.italkutalk.com/gameTimeCheck/88B1DA8D836871D21324214AE66A2FD26B741B27?x9NWsGoAE5M"", ""[教學] 一起學中文中的眼中釘"")",02:04
543,"=HYPERLINK(""https://manage.italkutalk.com/gameTimeCheck/88B1DA8D836871D21324214AE66A2FD26B741B27?DSlFMXWru9s"", ""[教學] 一起來學中文中的啤酒肚 "")",01:23
551,"=HYPERLINK(""https://manage.italkutalk.com/gameTimeCheck/88B1DA8D836871D21324214AE66A2FD26B741B27?Ddt9uCXiyFg"", ""[旅行] 遊新北金山"")",02:05
552,"=HYPERLINK(""https://manage.italkutalk.com/gameTimeCheck/88B1DA8D836871D21324214AE66A2FD26B741B27?brvr7uBeUog"", ""[旅行] 雲林縣斗六太平老街 "")",01:04
561,"=HYPERLINK(""https://manage.italkutalk.com/gameTimeCheck/88B1DA8D836871D21324214AE66A2FD26B741B27?hS_AC3UnP6M"", ""[動物] 明星孫儷和她的狗狗們 "")",03:54
568,"=HYPERLINK(""https://manage.italkutalk.com/gameTimeCheck/88B1DA8D836871D21324214AE66A2FD26B741B27?aDBJbNuJHJc"", ""[分享] 嘎老師又徵才"")",02:26
569,"=HYPERLINK(""https://manage.italkutalk.com/gameTimeCheck/88B1DA8D836871D21324214AE66A2FD26B741B27?4mBu8g7ffGA"", ""[知識] 馬拉松篇"")",01:19
591,"=HYPERLINK(""https://manage.italkutalk.com/gameTimeCheck/88B1DA8D836871D21324214AE66A2FD26B741B27?thDPZBBfYKc"", ""[理財] 投資理財第一步: 看懂財務報表"")",01:54
592,"=HYPERLINK(""https://manage.italkutalk.com/gameTimeCheck/88B1DA8D836871D21324214AE66A2FD26B741B27?OgzCTmmLo00"", ""[理財] 財報對投資的重要性 "")",02:22
605,"=HYPERLINK(""https://manage.italkutalk.com/gameTimeCheck/88B1DA8D836871D21324214AE66A2FD26B741B27?_NnExHF0-9U"", ""[健康] 用科學飲食邁向理想體態"")",02:14
610,"=HYPERLINK(""https://manage.italkutalk.com/gameTimeCheck/88B1DA8D836871D21324214AE66A2FD26B741B27?mx6CMtCuDf4"", ""[健康] 飲食影響壽命長短"")",01:37
611,"=HYPERLINK(""https://manage.italkutalk.com/gameTimeCheck/88B1DA8D836871D21324214AE66A2FD26B741B27?SubmZp6Fuec"", ""[時尚] 許茹芸面對冬天乾燥肌膚的飲食分享"")",01:17
624,"=HYPERLINK(""https://manage.italkutalk.com/gameTimeCheck/88B1DA8D836871D21324214AE66A2FD26B741B27?IfjjAWllJYo"", ""[美食] 花田少年史炸火腿 "")",02:58
634,"=HYPERLINK(""https://manage.italkutalk.com/gameTimeCheck/88B1DA8D836871D21324214AE66A2FD26B741B27?G80-lH6MArQ"", ""[訪談] 台北雙年展佈展花絮"")",02:01
635,"=HYPERLINK(""https://manage.italkutalk.com/gameTimeCheck/88B1DA8D836871D21324214AE66A2FD26B741B27?uZQG2nxmi1Q"", ""[技巧] 用手機影像說故事"")",01:39
636,"=HYPERLINK(""https://manage.italkutalk.com/gameTimeCheck/88B1DA8D836871D21324214AE66A2FD26B741B27?Tm2LiPp4phI"", ""[法律] 工作場所裝監視器？"")",02:22
642,"=HYPERLINK(""https://manage.italkutalk.com/gameTimeCheck/88B1DA8D836871D21324214AE66A2FD26B741B27?mxfONU9ZcqM"", ""[繪畫] 跟著Zoey老師 油畫輕鬆學"")",02:39
643,"=HYPERLINK(""https://manage.italkutalk.com/gameTimeCheck/88B1DA8D836871D21324214AE66A2FD26B741B27?jaK3Kj9zsyk"", ""[財務] 為什麼要學習 Python 資料分析"")",02:32
646,"=HYPERLINK(""https://manage.italkutalk.com/gameTimeCheck/88B1DA8D836871D21324214AE66A2FD26B741B27?6TY3zK5408c"", ""[生活] 與民眾生活有關的智慧服務, 才是智慧城市的根本"")",02:23
647,"=HYPERLINK(""https://manage.italkutalk.com/gameTimeCheck/88B1DA8D836871D21324214AE66A2FD26B741B27?Gnl02WDNb1U"", ""[街訪] 在大城市廣州買房，至少需要奮鬥幾年"")",02:01
654,"=HYPERLINK(""https://manage.italkutalk.com/gameTimeCheck/88B1DA8D836871D21324214AE66A2FD26B741B27?vCadbzd1TwA"", ""[街訪] 在我們大廣州, 月工資低於多少才算是窮人"")",02:50
655,"=HYPERLINK(""https://manage.italkutalk.com/gameTimeCheck/88B1DA8D836871D21324214AE66A2FD26B741B27?_w9E_YC3Zds"", ""[街訪] 男生具備什麽條件才能讓女人倒追"")",02:09
656,"=HYPERLINK(""https://manage.italkutalk.com/gameTimeCheck/88B1DA8D836871D21324214AE66A2FD26B741B27?gdPB6KupCT0"", ""[街訪] 女生被醜男追求是種什麼體驗"")",02:16
662,"=HYPERLINK(""https://manage.italkutalk.com/gameTimeCheck/88B1DA8D836871D21324214AE66A2FD26B741B27?144DUj1mwHY"", ""[學習] 形狀歌 "")",03:40
664,"=HYPERLINK(""https://manage.italkutalk.com/gameTimeCheck/88B1DA8D836871D21324214AE66A2FD26B741B27?WKhFQGxE8iY"", ""[知識] 為什麼端午節要包粽子，划龍舟呢"")",02:27
665,"=HYPERLINK(""https://manage.italkutalk.com/gameTimeCheck/88B1DA8D836871D21324214AE66A2FD26B741B27?zpqrEfYgxO4"", ""[知識] 父親節的由來是什麼"")",02:06
666,"=HYPERLINK(""https://manage.italkutalk.com/gameTimeCheck/88B1DA8D836871D21324214AE66A2FD26B741B27?hwzfOgEhLzk"", ""[知識] 中國傳統節日故事"")",01:02
668,"=HYPERLINK(""https://manage.italkutalk.com/gameTimeCheck/88B1DA8D836871D21324214AE66A2FD26B741B27?a0hHzHs1KVc"", ""[知識] 為什麼4/23是世界閱讀日"")",02:36
672,"=HYPERLINK(""https://manage.italkutalk.com/gameTimeCheck/88B1DA8D836871D21324214AE66A2FD26B741B27?9a69qJRYPv8"", ""[生活] IKEA IKEA 法海到家收蛇妖"")",00:58
675,"=HYPERLINK(""https://manage.italkutalk.com/gameTimeCheck/88B1DA8D836871D21324214AE66A2FD26B741B27?ZS4hiZWWjxA"", ""[感情] IKEA約會的二三事廣告影片"")",02:54
684,"=HYPERLINK(""https://manage.italkutalk.com/gameTimeCheck/88B1DA8D836871D21324214AE66A2FD26B741B27?XTw5PyGCAfU"", ""[生活] 低價創造無價, 狗狗篇"")",00:36
685,"=HYPERLINK(""https://manage.italkutalk.com/gameTimeCheck/88B1DA8D836871D21324214AE66A2FD26B741B27?5kwgAuqmDgo"", ""[生活] 低價創造無價,健身教練篇"")",00:36
688,"=HYPERLINK(""https://manage.italkutalk.com/gameTimeCheck/88B1DA8D836871D21324214AE66A2FD26B741B27?re=emb_logo"", ""[感情] IKEA約會的二三事廣告影片舊情人篇"")",02:22
689,"=HYPERLINK(""https://manage.italkutalk.com/gameTimeCheck/88B1DA8D836871D21324214AE66A2FD26B741B27?re=emb_logo"", ""[感情] IKEA約會的二三事廣告影片, 講道理篇"")",02:42
690,"=HYPERLINK(""https://manage.italkutalk.com/gameTimeCheck/88B1DA8D836871D21324214AE66A2FD26B741B27?re=emb_logo"", ""[感情] 曖昧"")",01:51
692,"=HYPERLINK(""https://manage.italkutalk.com/gameTimeCheck/88B1DA8D836871D21324214AE66A2FD26B741B27?Yw&index=18"", ""[生活] 大過年小改變小弟篇"")",00:31
693,"=HYPERLINK(""https://manage.italkutalk.com/gameTimeCheck/88B1DA8D836871D21324214AE66A2FD26B741B27?Yw&index=32"", ""[生活] IKEA新型錄上市廣告影片"")",00:31
695,"=HYPERLINK(""https://manage.italkutalk.com/gameTimeCheck/88B1DA8D836871D21324214AE66A2FD26B741B27?wJ&index=32"", ""[挑戰] 喝完一罐瑞穗巧克力調味乳，要花幾秒"")",02:58
696,"=HYPERLINK(""https://manage.italkutalk.com/gameTimeCheck/88B1DA8D836871D21324214AE66A2FD26B741B27?wJ&index=38"", ""[娛樂] 用一首歌介紹四隻貓咪"")",02:47
703,"=HYPERLINK(""https://manage.italkutalk.com/gameTimeCheck/88B1DA8D836871D21324214AE66A2FD26B741B27?TbdWw6mzAfY"", ""[生活] 比手機重要的事"")",01:35
704,"=HYPERLINK(""https://manage.italkutalk.com/gameTimeCheck/88B1DA8D836871D21324214AE66A2FD26B741B27?EojvnYcFP18"", ""[感情] IKEA約會的情侶篇"")",01:51
707,"=HYPERLINK(""https://manage.italkutalk.com/gameTimeCheck/88B1DA8D836871D21324214AE66A2FD26B741B27?oAFmaBFllX0"", ""[家庭] 好臥房讓媽媽充滿能量"")",00:33
708,"=HYPERLINK(""https://manage.italkutalk.com/gameTimeCheck/88B1DA8D836871D21324214AE66A2FD26B741B27?Yw&index=16"", ""[家庭] 好好吃飯桌"")",00:33
709,"=HYPERLINK(""https://manage.italkutalk.com/gameTimeCheck/88B1DA8D836871D21324214AE66A2FD26B741B27?2kkyphIsduM"", ""[生活] 居家改造影片"")",03:12
710,"=HYPERLINK(""https://manage.italkutalk.com/gameTimeCheck/88B1DA8D836871D21324214AE66A2FD26B741B27?Hhb7PY89IFw"", ""[家庭] 辣媽居家改造"")",03:16
712,"=HYPERLINK(""https://manage.italkutalk.com/gameTimeCheck/88B1DA8D836871D21324214AE66A2FD26B741B27?RfSxU5ncQMY"", ""[家庭] 新人成家"")",01:50
713,"=HYPERLINK(""https://manage.italkutalk.com/gameTimeCheck/88B1DA8D836871D21324214AE66A2FD26B741B27?mH5s2BdD9uI"", ""[家庭] 平淡是幸福"")",00:33
714,"=HYPERLINK(""https://manage.italkutalk.com/gameTimeCheck/88B1DA8D836871D21324214AE66A2FD26B741B27?c2tXy1-0jUQ"", ""[家庭] 戒菸最幸福的選擇"")",01:53
719,"=HYPERLINK(""https://manage.italkutalk.com/gameTimeCheck/88B1DA8D836871D21324214AE66A2FD26B741B27?0zTsOl89AAY"", "" [感情] 我的愛情故事"")",02:15
735,"=HYPERLINK(""https://manage.italkutalk.com/gameTimeCheck/88B1DA8D836871D21324214AE66A2FD26B741B27?lmu8I2N7BdI"", ""[技巧] 讓廢片瞬間有電影質感的四大技巧"")",02:35
739,"=HYPERLINK(""https://manage.italkutalk.com/gameTimeCheck/88B1DA8D836871D21324214AE66A2FD26B741B27?1RNFE4690fk"", "" [學習] 中文數字 1 到 100 "")",03:37
740,"=HYPERLINK(""https://manage.italkutalk.com/gameTimeCheck/88B1DA8D836871D21324214AE66A2FD26B741B27?5VNVgjbwQNo"", ""[學習] 動畫系面試 5 個小提醒 "")",02:10
745,"=HYPERLINK(""https://manage.italkutalk.com/gameTimeCheck/88B1DA8D836871D21324214AE66A2FD26B741B27?JIWdqBdxqTE"", ""[學習] 每日一詞:介意"")",01:06
746,"=HYPERLINK(""https://manage.italkutalk.com/gameTimeCheck/88B1DA8D836871D21324214AE66A2FD26B741B27?AAG8gk3gUfg"", ""[學習] 每日一詞: 隨時隨地"")",01:02
747,"=HYPERLINK(""https://manage.italkutalk.com/gameTimeCheck/88B1DA8D836871D21324214AE66A2FD26B741B27?okZpOUEcSzs"", ""[學習] 每日一詞: 平時"")",01:09
767,"=HYPERLINK(""https://manage.italkutalk.com/gameTimeCheck/88B1DA8D836871D21324214AE66A2FD26B741B27?nYNHll6is6Y"", ""[學習] 這些蔬菜中文怎麼講呢 - 第一片"")",03:44
782,"=HYPERLINK(""https://manage.italkutalk.com/gameTimeCheck/88B1DA8D836871D21324214AE66A2FD26B741B27?sRQ&index=5"", ""[學習] 這些動物中文怎麼說 - 第二片"")",03:40
783,"=HYPERLINK(""https://manage.italkutalk.com/gameTimeCheck/88B1DA8D836871D21324214AE66A2FD26B741B27?sRQ&index=6"", ""[學習] 這些蔬菜中文怎麼講呢 - 第一片"")",03:34
784,"=HYPERLINK(""https://manage.italkutalk.com/gameTimeCheck/88B1DA8D836871D21324214AE66A2FD26B741B27?sRQ&index=9"", ""[學習] 這些蔬菜中文怎麼講呢 - 第二片"")",03:29
787,"=HYPERLINK(""https://manage.italkutalk.com/gameTimeCheck/88B1DA8D836871D21324214AE66A2FD26B741B27?JBN-k3-noVo"", ""[美食] 西紅柿肉醬意麵"")",03:31
792,"=HYPERLINK(""https://manage.italkutalk.com/gameTimeCheck/88B1DA8D836871D21324214AE66A2FD26B741B27?PlgpQu2rBjs"", ""[學習] 每日一詞: 不足為奇"")",01:05
793,"=HYPERLINK(""https://manage.italkutalk.com/gameTimeCheck/88B1DA8D836871D21324214AE66A2FD26B741B27?IPxQFLUSnsc"", ""[學習] 每日一詞: 巴不得"")",01:01
794,"=HYPERLINK(""https://manage.italkutalk.com/gameTimeCheck/88B1DA8D836871D21324214AE66A2FD26B741B27?5TouKBMbKEk"", ""[學習] 每日一詞: 划不來"")",00:41
798,"=HYPERLINK(""https://manage.italkutalk.com/gameTimeCheck/88B1DA8D836871D21324214AE66A2FD26B741B27?7gXWXbX6Bq0"", ""[生活] 為什麼復活節要吃彩蛋"")",01:58
799,"=HYPERLINK(""https://manage.italkutalk.com/gameTimeCheck/88B1DA8D836871D21324214AE66A2FD26B741B27?olcFvdHGtiw"", ""[時尚] 陳庭妮近距訪問范冰冰"")",02:42
800,"=HYPERLINK(""https://manage.italkutalk.com/gameTimeCheck/88B1DA8D836871D21324214AE66A2FD26B741B27?3Mp3ogwG4Ks"", ""[家庭] 母親越獨立，孩子越幸福"")",03:30
801,"=HYPERLINK(""https://manage.italkutalk.com/gameTimeCheck/88B1DA8D836871D21324214AE66A2FD26B741B27?PGqeTadd-Fs"", ""[旅行] 台灣十大最美民宿之一"")",02:34
802,"=HYPERLINK(""https://manage.italkutalk.com/gameTimeCheck/88B1DA8D836871D21324214AE66A2FD26B741B27?rR3LR-_jd28"", ""[家庭] 65歲爺爺送妻子粉色豪宅"")",02:41
803,"=HYPERLINK(""https://manage.italkutalk.com/gameTimeCheck/88B1DA8D836871D21324214AE66A2FD26B741B27?z&index=122"", ""[科學] 艾滋病絕不是你想象的那樣"")",02:01
814,"=HYPERLINK(""https://manage.italkutalk.com/gameTimeCheck/88B1DA8D836871D21324214AE66A2FD26B741B27?f&index=121"", ""[時尚] 讓狗仔隊絕望的女明星"")",03:41
816,"=HYPERLINK(""https://manage.italkutalk.com/gameTimeCheck/88B1DA8D836871D21324214AE66A2FD26B741B27?lLbBZxMsj2c"", ""[建築] 跨國好友改造北京胡同"")",03:25
818,"=HYPERLINK(""https://manage.italkutalk.com/gameTimeCheck/88B1DA8D836871D21324214AE66A2FD26B741B27?McruYgIr9iM"", ""[建築] 廣州老房子改造成獨棟小樓"")",03:16
822,"=HYPERLINK(""https://manage.italkutalk.com/gameTimeCheck/88B1DA8D836871D21324214AE66A2FD26B741B27?uinJX5Tq-j0"", ""[科技] 你不知道的深夜街頭遊戲"")",01:37
831,"=HYPERLINK(""https://manage.italkutalk.com/gameTimeCheck/88B1DA8D836871D21324214AE66A2FD26B741B27?3KuQ-O-Jb1c"", ""[建築] 深山裡的情趣驚豔客房"")",02:49
847,"=HYPERLINK(""https://manage.italkutalk.com/gameTimeCheck/88B1DA8D836871D21324214AE66A2FD26B741B27?6gaKETOU1Ts"", ""[社會] 對抗疫情全球百位藝術家捐獻藝術品 "")",02:04
848,"=HYPERLINK(""https://manage.italkutalk.com/gameTimeCheck/88B1DA8D836871D21324214AE66A2FD26B741B27?tDZrqT0u_wI"", ""[旅遊] 台灣最豪華的大學宿舍 "")",02:31
849,"=HYPERLINK(""https://manage.italkutalk.com/gameTimeCheck/88B1DA8D836871D21324214AE66A2FD26B741B27?y2AnD1sgMw0"", ""[旅遊] 破舊二手房的極限改造  "")",02:56
850,"=HYPERLINK(""https://manage.italkutalk.com/gameTimeCheck/88B1DA8D836871D21324214AE66A2FD26B741B27?8i-lFeK8h48"", ""[旅遊] 重慶最美江景民宿 "")",02:30
852,"=HYPERLINK(""https://manage.italkutalk.com/gameTimeCheck/88B1DA8D836871D21324214AE66A2FD26B741B27?jmaMQtfxcOY"", ""[人生] 我生病我驕傲"")",03:31
853,"=HYPERLINK(""https://manage.italkutalk.com/gameTimeCheck/88B1DA8D836871D21324214AE66A2FD26B741B27?nSoUPT1yH8Q"", ""[生活] 這才是北京和上海最不同的地方"")",02:43
854,"=HYPERLINK(""https://manage.italkutalk.com/gameTimeCheck/88B1DA8D836871D21324214AE66A2FD26B741B27?0q9u80xyi-A"", ""[旅遊] 中國最美圖書館成新網紅"")",02:36
856,"=HYPERLINK(""https://manage.italkutalk.com/gameTimeCheck/88B1DA8D836871D21324214AE66A2FD26B741B27?qAA8jA5Nu3M"", ""[美食] 油潑辣子"")",01:56
857,"=HYPERLINK(""https://manage.italkutalk.com/gameTimeCheck/88B1DA8D836871D21324214AE66A2FD26B741B27?63vZf_Ni6Og"", ""[學習] 每日一詞: 佩服"")",01:08
858,"=HYPERLINK(""https://manage.italkutalk.com/gameTimeCheck/88B1DA8D836871D21324214AE66A2FD26B741B27?Xoe4YEz89Dk"", ""[學習] 每日一詞: 知之甚少"")",00:55
859,"=HYPERLINK(""https://manage.italkutalk.com/gameTimeCheck/88B1DA8D836871D21324214AE66A2FD26B741B27?rr9u3CUqh5w"", ""[學習] 每日一詞: 清一色"")",00:53
860,"=HYPERLINK(""https://manage.italkutalk.com/gameTimeCheck/88B1DA8D836871D21324214AE66A2FD26B741B27?usc7jPD76PI"", ""[學習] 每日一詞: 委婉"")",01:05
861,"=HYPERLINK(""https://manage.italkutalk.com/gameTimeCheck/88B1DA8D836871D21324214AE66A2FD26B741B27?gP5EVo-RJ50"", ""[學習] 每日一詞: 鮮豔"")",00:42
876,"=HYPERLINK(""https://manage.italkutalk.com/gameTimeCheck/88B1DA8D836871D21324214AE66A2FD26B741B27?d26wxvsphOI"", ""[飲食] 印度奶茶"")",02:30
891,"=HYPERLINK(""https://manage.italkutalk.com/gameTimeCheck/88B1DA8D836871D21324214AE66A2FD26B741B27?RzAhcPJSm3k"", ""[美食] 早餐雞蛋餅"")",02:07
892,"=HYPERLINK(""https://manage.italkutalk.com/gameTimeCheck/88B1DA8D836871D21324214AE66A2FD26B741B27?mcL8sI&t=7s"", ""[美食] 神奇就在眼前，液態油瞬間變固體"")",02:12
906,"=HYPERLINK(""https://manage.italkutalk.com/gameTimeCheck/88B1DA8D836871D21324214AE66A2FD26B741B27?HOyoFWpbsBg"", ""[感情] 我要嫁給愛情"")",03:21
907,"=HYPERLINK(""https://manage.italkutalk.com/gameTimeCheck/88B1DA8D836871D21324214AE66A2FD26B741B27?hIQnJL6ip2k"", ""[美食] 小黃瓜排毒水升級變氣泡水更好喝"")",02:48
908,"=HYPERLINK(""https://manage.italkutalk.com/gameTimeCheck/88B1DA8D836871D21324214AE66A2FD26B741B27?s68IVVJQqfk"", ""[美食] 蛤蜊吐沙小撇步"")",01:54
910,"=HYPERLINK(""https://manage.italkutalk.com/gameTimeCheck/88B1DA8D836871D21324214AE66A2FD26B741B27?E_yFcSvk97M"", ""[美食] 這菜嘗鮮要趁早，過完四月味道不好"")",02:09
912,"=HYPERLINK(""https://manage.italkutalk.com/gameTimeCheck/88B1DA8D836871D21324214AE66A2FD26B741B27?-YJc6YfyPk8"", ""[美食] 紅薯千層餅的作法"")",02:52
913,"=HYPERLINK(""https://manage.italkutalk.com/gameTimeCheck/88B1DA8D836871D21324214AE66A2FD26B741B27?rEWtLAbwRV0"", ""[美食] 幫妳清腸胃花小錢辦大事"")",02:09
914,"=HYPERLINK(""https://manage.italkutalk.com/gameTimeCheck/88B1DA8D836871D21324214AE66A2FD26B741B27?KCdayIBk1wg"", ""[美食] 蘿蔔釀肉是什麽神仙組合"")",02:32
915,"=HYPERLINK(""https://manage.italkutalk.com/gameTimeCheck/88B1DA8D836871D21324214AE66A2FD26B741B27?LdWy5XDyvHM"", ""[美食] 淮安頭道菜"")",02:20
916,"=HYPERLINK(""https://manage.italkutalk.com/gameTimeCheck/88B1DA8D836871D21324214AE66A2FD26B741B27?9rnDSr1Yjhs"", ""[教育] 在家上學10歲寫2本英語小說"")",03:16
917,"=HYPERLINK(""https://manage.italkutalk.com/gameTimeCheck/88B1DA8D836871D21324214AE66A2FD26B741B27?q6b2R_2UQaI"", ""[建築] 27樓的公園"")",02:17
928,"=HYPERLINK(""https://manage.italkutalk.com/gameTimeCheck/88B1DA8D836871D21324214AE66A2FD26B741B27?Ve8Eecppctk"", ""[美食] 像雲一樣蓬松的舒芙蕾松餅"")",01:49
929,"=HYPERLINK(""https://manage.italkutalk.com/gameTimeCheck/88B1DA8D836871D21324214AE66A2FD26B741B27?rU4rORPMNwc"", ""[美食] 肉末蒸香芋"")",01:51
930,"=HYPERLINK(""https://manage.italkutalk.com/gameTimeCheck/88B1DA8D836871D21324214AE66A2FD26B741B27?nmqUcDyBwNc"", ""[美食] 好看又營養不需什麼廚藝"")",01:42
931,"=HYPERLINK(""https://manage.italkutalk.com/gameTimeCheck/88B1DA8D836871D21324214AE66A2FD26B741B27?n3aIDvvRVUg"", ""[旅遊] 台灣電影文化城"")",01:04
932,"=HYPERLINK(""https://manage.italkutalk.com/gameTimeCheck/88B1DA8D836871D21324214AE66A2FD26B741B27?TScVmuCQsnI"", ""[家庭] 不開心時肚子總是會餓的"")",01:38
966,"=HYPERLINK(""https://manage.italkutalk.com/gameTimeCheck/88B1DA8D836871D21324214AE66A2FD26B741B27?Zjv_YCTEyBU"", ""[時尚] 王心恬搭麗星郵輪遊石垣島"")",01:44
967,"=HYPERLINK(""https://manage.italkutalk.com/gameTimeCheck/88B1DA8D836871D21324214AE66A2FD26B741B27?D8QLqlVi2DM"", ""[旅行] 基隆市的百年防空洞 "")",00:59
968,"=HYPERLINK(""https://manage.italkutalk.com/gameTimeCheck/88B1DA8D836871D21324214AE66A2FD26B741B27?VjNC1chc4dE"", ""[旅行] 基隆市的外木山情人湖濱海風景區"")",00:58
969,"=HYPERLINK(""https://manage.italkutalk.com/gameTimeCheck/88B1DA8D836871D21324214AE66A2FD26B741B27?xQKScdrEWZE"", ""[旅行] 九份老街 "")",01:15
970,"=HYPERLINK(""https://manage.italkutalk.com/gameTimeCheck/88B1DA8D836871D21324214AE66A2FD26B741B27?vs4si5c5xk4"", ""[旅行] 九份民宿"")",01:01
972,"=HYPERLINK(""https://manage.italkutalk.com/gameTimeCheck/88B1DA8D836871D21324214AE66A2FD26B741B27?fgSFAq2gnMw"", ""[時尚] 彩色包包的時尚穿搭建議"")",01:18
975,"=HYPERLINK(""https://manage.italkutalk.com/gameTimeCheck/88B1DA8D836871D21324214AE66A2FD26B741B27?YUN1zMzbilI"", ""[旅行] 野餐絕對不穿牛仔褲"")",00:59
976,"=HYPERLINK(""https://manage.italkutalk.com/gameTimeCheck/88B1DA8D836871D21324214AE66A2FD26B741B27?qN4Y39rBxB8"", ""[時尚] 想要和Ella陳嘉樺一樣漂亮嗎"")",02:30
977,"=HYPERLINK(""https://manage.italkutalk.com/gameTimeCheck/88B1DA8D836871D21324214AE66A2FD26B741B27?xaDvGtOn7Cw"", ""[旅行] 綠島燈塔"")",01:13
978,"=HYPERLINK(""https://manage.italkutalk.com/gameTimeCheck/88B1DA8D836871D21324214AE66A2FD26B741B27?yRPFMpDyFfQ"", ""[美食] 德國豬腳必點"")",01:12
979,"=HYPERLINK(""https://manage.italkutalk.com/gameTimeCheck/88B1DA8D836871D21324214AE66A2FD26B741B27?v6w5uo374ko"", ""[旅行] 燕子洞 "")",01:12
981,"=HYPERLINK(""https://manage.italkutalk.com/gameTimeCheck/88B1DA8D836871D21324214AE66A2FD26B741B27?fF_QD0IwNIY"", ""[旅行] 南翔寺山門遺跡 "")",01:13
985,"=HYPERLINK(""https://manage.italkutalk.com/gameTimeCheck/88B1DA8D836871D21324214AE66A2FD26B741B27?idFe273nkOM"", ""[科學] 為什麼會有影子呢"")",02:21
986,"=HYPERLINK(""https://manage.italkutalk.com/gameTimeCheck/88B1DA8D836871D21324214AE66A2FD26B741B27?3-0GBdRCyiY"", ""[生活] 用科學方法學做健康麵包"")",02:13
999,"=HYPERLINK(""https://manage.italkutalk.com/gameTimeCheck/88B1DA8D836871D21324214AE66A2FD26B741B27?vu0gOK8YOrY"", ""[科學] 劇本背後的心理學 "")",01:30
1003,"=HYPERLINK(""https://manage.italkutalk.com/gameTimeCheck/88B1DA8D836871D21324214AE66A2FD26B741B27?3Ev97MvavC0"", ""[科學] 難道水裡有一面鏡子嗎"")",02:19
1004,"=HYPERLINK(""https://manage.italkutalk.com/gameTimeCheck/88B1DA8D836871D21324214AE66A2FD26B741B27?GLZlbi7Edpc"", ""[美食] 日式餐館"")",01:03
1005,"=HYPERLINK(""https://manage.italkutalk.com/gameTimeCheck/88B1DA8D836871D21324214AE66A2FD26B741B27?UG3Yk2iyyFY"", ""[美食] 阿順活海產 "")",01:02
1006,"=HYPERLINK(""https://manage.italkutalk.com/gameTimeCheck/88B1DA8D836871D21324214AE66A2FD26B741B27?rbCRikekL7o"", ""[旅行] 魯迅紀念館 "")",01:12
1007,"=HYPERLINK(""https://manage.italkutalk.com/gameTimeCheck/88B1DA8D836871D21324214AE66A2FD26B741B27?DMIQ5Lj92yw"", ""[科學] 互動式人體防禦系統 "")",01:19
1009,"=HYPERLINK(""https://manage.italkutalk.com/gameTimeCheck/88B1DA8D836871D21324214AE66A2FD26B741B27?DJCYr8zXF2c"", ""[科學] 嫦娥真的能奔月"")",02:46
1010,"=HYPERLINK(""https://manage.italkutalk.com/gameTimeCheck/88B1DA8D836871D21324214AE66A2FD26B741B27?5rM0wgi6V34"", ""[科學] 互動式人體免疫系統 "")",01:19
1013,"=HYPERLINK(""https://manage.italkutalk.com/gameTimeCheck/88B1DA8D836871D21324214AE66A2FD26B741B27?2m3UsfnowS4"", ""[生活] 遊戲人生 "")",01:20
1014,"=HYPERLINK(""https://manage.italkutalk.com/gameTimeCheck/88B1DA8D836871D21324214AE66A2FD26B741B27?U5-1anjPL0c"", ""[生活] 不是每一次努力都會有收穫"")",01:00
1015,"=HYPERLINK(""https://manage.italkutalk.com/gameTimeCheck/88B1DA8D836871D21324214AE66A2FD26B741B27?VGi-BV41d-E"", ""[分享] 每個人的人生都不完美"")",01:43
1023,"=HYPERLINK(""https://manage.italkutalk.com/gameTimeCheck/88B1DA8D836871D21324214AE66A2FD26B741B27?UGD2dnGcBuc"", ""[旅行] 北鎮廟 "")",01:08
1027,"=HYPERLINK(""https://manage.italkutalk.com/gameTimeCheck/88B1DA8D836871D21324214AE66A2FD26B741B27?XZJiuzgHtuM"", ""[社會] 小燈泡事件"")",02:45
1028,"=HYPERLINK(""https://manage.italkutalk.com/gameTimeCheck/88B1DA8D836871D21324214AE66A2FD26B741B27?X6g-2ejEGQk"", ""[生活] 便利商店到底還能多便利"")",01:54
1038,"=HYPERLINK(""https://manage.italkutalk.com/gameTimeCheck/88B1DA8D836871D21324214AE66A2FD26B741B27?hDeptAQmdE4"", ""[旅行] 愛情故事館"")",00:53
1041,"=HYPERLINK(""https://manage.italkutalk.com/gameTimeCheck/88B1DA8D836871D21324214AE66A2FD26B741B27?eZESLsqX7Tk"", ""[科學] 互動式人體防禦系統 "")",01:22
1042,"=HYPERLINK(""https://manage.italkutalk.com/gameTimeCheck/88B1DA8D836871D21324214AE66A2FD26B741B27?nu1WbGwSYU8"", ""[科學] 互動式人體防禦系統 -過敏"")",01:16
1043,"=HYPERLINK(""https://manage.italkutalk.com/gameTimeCheck/88B1DA8D836871D21324214AE66A2FD26B741B27?EJkMGIdBFUU"", ""[科學] 互動式人體免疫系統 - B細胞"")",00:30
1044,"=HYPERLINK(""https://manage.italkutalk.com/gameTimeCheck/88B1DA8D836871D21324214AE66A2FD26B741B27?2AOs57hcY3E"", ""[科學] 白血球"")",00:31
1045,"=HYPERLINK(""https://manage.italkutalk.com/gameTimeCheck/88B1DA8D836871D21324214AE66A2FD26B741B27?l7vgXU5yx9k"", ""[旅行] 希臘雅典旅遊"")",02:29
1046,"=HYPERLINK(""https://manage.italkutalk.com/gameTimeCheck/88B1DA8D836871D21324214AE66A2FD26B741B27?jsv0gU7aY_U"", ""[生活] 一起來揪團旅遊"")",01:12
1047,"=HYPERLINK(""https://manage.italkutalk.com/gameTimeCheck/88B1DA8D836871D21324214AE66A2FD26B741B27?2tw_z1KcZ8g"", ""[旅行] 揪團找旅伴玩得開心又省錢"")",01:08
1048,"=HYPERLINK(""https://manage.italkutalk.com/gameTimeCheck/88B1DA8D836871D21324214AE66A2FD26B741B27?zkmZOZJnfQ4"", ""[美食] 廣東路牛肉生煎包"")",01:07
1049,"=HYPERLINK(""https://manage.italkutalk.com/gameTimeCheck/88B1DA8D836871D21324214AE66A2FD26B741B27?EpUGxzXsYv8"", ""[旅行] 天浪淘園 "")",01:07
1050,"=HYPERLINK(""https://manage.italkutalk.com/gameTimeCheck/88B1DA8D836871D21324214AE66A2FD26B741B27?re=emb_logo"", ""[科學] 光是什麼呢"")",02:01
1064,"=HYPERLINK(""https://manage.italkutalk.com/gameTimeCheck/88B1DA8D836871D21324214AE66A2FD26B741B27?FH61Jy3W8vA"", ""[旅行] 希臘最浪漫的聖托里尼島"")",02:56
1077,"=HYPERLINK(""https://manage.italkutalk.com/gameTimeCheck/88B1DA8D836871D21324214AE66A2FD26B741B27?-FwYCiUlO58"", ""[旅行]  安東尼奧 "")",01:04
1127,"=HYPERLINK(""https://manage.italkutalk.com/gameTimeCheck/88B1DA8D836871D21324214AE66A2FD26B741B27?hfMG3k&t=6s"", ""[日常] 滴妹的心意"")",01:27
1532,"=HYPERLINK(""https://manage.italkutalk.com/gameTimeCheck/88B1DA8D836871D21324214AE66A2FD26B741B27?Bk6BcxMpddM"", ""[旅行] 3分鐘帶你看台灣"")",03:15
2317,"=HYPERLINK(""https://manage.italkutalk.com/gameTimeCheck/88B1DA8D836871D21324214AE66A2FD26B741B27?sg6WpGUySAA"", ""[日常] 地球人看過來"")",01:17
2335,"=HYPERLINK(""https://manage.italkutalk.com/gameTimeCheck/88B1DA8D836871D21324214AE66A2FD26B741B27?z6F&index=1"", ""[美食] 星巴克的超火紅氮氣冷萃咖啡"")",02:09
2337,"=HYPERLINK(""https://manage.italkutalk.com/gameTimeCheck/88B1DA8D836871D21324214AE66A2FD26B741B27?z6F&index=4"", ""[美食] 煎餅還能這樣吃 天津小吃一絕"")",03:55
2338,"=HYPERLINK(""https://manage.italkutalk.com/gameTimeCheck/88B1DA8D836871D21324214AE66A2FD26B741B27?z6F&index=6"", ""[國外] 英國超市東西都被搶光"")",01:50
2350,"=HYPERLINK(""https://manage.italkutalk.com/gameTimeCheck/88B1DA8D836871D21324214AE66A2FD26B741B27?z6F&index=9"", ""[日常] IKEA大採購"")",03:01
2354,"=HYPERLINK(""https://manage.italkutalk.com/gameTimeCheck/88B1DA8D836871D21324214AE66A2FD26B741B27?6F&index=19"", ""[時尚] 許光漢的造句大賽 "")",01:25
2357,"=HYPERLINK(""https://manage.italkutalk.com/gameTimeCheck/88B1DA8D836871D21324214AE66A2FD26B741B27?6F&index=60"", ""[科學] 喝水對身體有什麼好處"")",02:19
2360,"=HYPERLINK(""https://manage.italkutalk.com/gameTimeCheck/88B1DA8D836871D21324214AE66A2FD26B741B27?6F&index=58"", ""[國外] 惠斯勒一日遊"")",03:05
2396,"=HYPERLINK(""https://manage.italkutalk.com/gameTimeCheck/88B1DA8D836871D21324214AE66A2FD26B741B27?6F&index=38"", ""[知識] 睡眠時間"")",03:19
2397,"=HYPERLINK(""https://manage.italkutalk.com/gameTimeCheck/88B1DA8D836871D21324214AE66A2FD26B741B27?EgAfuet85Ng"", ""[知識] 既視感-Déjà vu"")",03:26
2401,"=HYPERLINK(""https://manage.italkutalk.com/gameTimeCheck/88B1DA8D836871D21324214AE66A2FD26B741B27?6F&index=48"", ""[時尚] 張鈞甯"")",01:38
2429,"=HYPERLINK(""https://manage.italkutalk.com/gameTimeCheck/88B1DA8D836871D21324214AE66A2FD26B741B27?6F&index=55"", ""[美食] 台北美食推薦"")",03:08
2436,"=HYPERLINK(""https://manage.italkutalk.com/gameTimeCheck/88B1DA8D836871D21324214AE66A2FD26B741B27?6F&index=48"", ""[美食] 蔡康永的幸福台灣味"")",01:39
2438,"=HYPERLINK(""https://manage.italkutalk.com/gameTimeCheck/88B1DA8D836871D21324214AE66A2FD26B741B27?r-9LL_BTN6A"", ""[時尚] 陳妍希和陳曉的甜蜜時刻"")",02:40
2443,"=HYPERLINK(""https://manage.italkutalk.com/gameTimeCheck/88B1DA8D836871D21324214AE66A2FD26B741B27?6F&index=56"", ""[時尚] 賴雅妍的咖啡示範"")",02:44
2444,"=HYPERLINK(""https://manage.italkutalk.com/gameTimeCheck/88B1DA8D836871D21324214AE66A2FD26B741B27?nlEooWaNl0w"", ""[生活] 記錄無印良品手帳"")",01:57
2446,"=HYPERLINK(""https://manage.italkutalk.com/gameTimeCheck/88B1DA8D836871D21324214AE66A2FD26B741B27?6F&index=15"", ""[時尚] 趙又廷的時尚爆爆"")",02:03
2514,"=HYPERLINK(""https://manage.italkutalk.com/gameTimeCheck/88B1DA8D836871D21324214AE66A2FD26B741B27?Uq1KX5bazEs"", ""[音樂] 沈以誠-雨"")",03:37
2538,"=HYPERLINK(""https://manage.italkutalk.com/gameTimeCheck/88B1DA8D836871D21324214AE66A2FD26B741B27?i5XehDZ0kC4"", ""[知識] 免治馬桶"")",03:37
2542,"=HYPERLINK(""https://manage.italkutalk.com/gameTimeCheck/88B1DA8D836871D21324214AE66A2FD26B741B27?6F&index=56"", ""[時尚] 白安必備化妝品"")",03:16
2547,"=HYPERLINK(""https://manage.italkutalk.com/gameTimeCheck/88B1DA8D836871D21324214AE66A2FD26B741B27?6F&index=58"", ""[知識] 孕期行為"")",03:51
2552,"=HYPERLINK(""https://manage.italkutalk.com/gameTimeCheck/88B1DA8D836871D21324214AE66A2FD26B741B27?6F&index=44"", ""[時尚] 吳姍儒教妳綁包頭"")",02:03
2568,"=HYPERLINK(""https://manage.italkutalk.com/gameTimeCheck/88B1DA8D836871D21324214AE66A2FD26B741B27?mvs_YkXFxpc"", ""[娛樂] 這就是街舞3-四位隊長造型"")",02:32
2569,"=HYPERLINK(""https://manage.italkutalk.com/gameTimeCheck/88B1DA8D836871D21324214AE66A2FD26B741B27?jBdv67k-cdc"", ""[娛樂] 老闆翻車"")",01:16
2570,"=HYPERLINK(""https://manage.italkutalk.com/gameTimeCheck/88B1DA8D836871D21324214AE66A2FD26B741B27?re=emb_logo"", ""[感情] 平溪國中"")",03:35
2571,"=HYPERLINK(""https://manage.italkutalk.com/gameTimeCheck/88B1DA8D836871D21324214AE66A2FD26B741B27?re=emb_logo"", ""[娛樂] 這就是街舞3-王嘉爾"")",01:18
2575,"=HYPERLINK(""https://manage.italkutalk.com/gameTimeCheck/88B1DA8D836871D21324214AE66A2FD26B741B27?6F&index=54"", ""[知識] 孕期飲食"")",02:23
2577,"=HYPERLINK(""https://manage.italkutalk.com/gameTimeCheck/88B1DA8D836871D21324214AE66A2FD26B741B27?6F&index=51"", ""[生活] 台灣美食家的房子"")",03:48
2584,"=HYPERLINK(""https://manage.italkutalk.com/gameTimeCheck/88B1DA8D836871D21324214AE66A2FD26B741B27?0SEPV3e94kw"", ""[生活] 如何成爲一個創業家"")",03:30
2585,"=HYPERLINK(""https://manage.italkutalk.com/gameTimeCheck/88B1DA8D836871D21324214AE66A2FD26B741B27?mzxTyewzVtI"", ""[生活] 尋找35"")",02:29
2592,"=HYPERLINK(""https://manage.italkutalk.com/gameTimeCheck/88B1DA8D836871D21324214AE66A2FD26B741B27?OxFXktYPEh8"", ""[娛樂] 為什麼我愛台灣?"")",04:33
2606,"=HYPERLINK(""https://manage.italkutalk.com/gameTimeCheck/88B1DA8D836871D21324214AE66A2FD26B741B27?4iqdrdA-CIs"", ""[旅游] 瑞士冰河健行"")",03:35
2623,"=HYPERLINK(""https://manage.italkutalk.com/gameTimeCheck/88B1DA8D836871D21324214AE66A2FD26B741B27?6F&index=52"", ""[美食] 星巴克新產品"")",02:15
2624,"=HYPERLINK(""https://manage.italkutalk.com/gameTimeCheck/88B1DA8D836871D21324214AE66A2FD26B741B27?6F&index=54"", ""[美食] 樂華夜市"")",03:06
2625,"=HYPERLINK(""https://manage.italkutalk.com/gameTimeCheck/88B1DA8D836871D21324214AE66A2FD26B741B27?tv32yZjWpLo"", ""[知識] 用中文點餐"")",02:17
2649,"=HYPERLINK(""https://manage.italkutalk.com/gameTimeCheck/88B1DA8D836871D21324214AE66A2FD26B741B27?6F&index=43"", ""[時尚] 林依晨的童話故事"")",01:54
2650,"=HYPERLINK(""https://manage.italkutalk.com/gameTimeCheck/88B1DA8D836871D21324214AE66A2FD26B741B27?6F&index=41"", ""[時尚] 昆凌的太陽眼鏡"")",01:06
2652,"=HYPERLINK(""https://manage.italkutalk.com/gameTimeCheck/88B1DA8D836871D21324214AE66A2FD26B741B27?xrCCaYaMVmA"", ""[時尚] 設計師專訪"")",01:23
2656,"=HYPERLINK(""https://manage.italkutalk.com/gameTimeCheck/88B1DA8D836871D21324214AE66A2FD26B741B27?ah18QVBoh3I"", ""[卡通] 勉强"")",00:42
2657,"=HYPERLINK(""https://manage.italkutalk.com/gameTimeCheck/88B1DA8D836871D21324214AE66A2FD26B741B27?B9tFoBTMOWI"", ""[卡通] 快樂其實很簡單"")",00:57
2658,"=HYPERLINK(""https://manage.italkutalk.com/gameTimeCheck/88B1DA8D836871D21324214AE66A2FD26B741B27?08uo_TgN3Mk"", ""[卡通] 等待"")",02:42
2708,"=HYPERLINK(""https://manage.italkutalk.com/gameTimeCheck/88B1DA8D836871D21324214AE66A2FD26B741B27?6F&index=58"", ""[卡通] 虛偽"")",02:56
2716,"=HYPERLINK(""https://manage.italkutalk.com/gameTimeCheck/88B1DA8D836871D21324214AE66A2FD26B741B27?EcR_96ccnbk"", ""[音樂] 小幸運 "")",04:44
2717,"=HYPERLINK(""https://manage.italkutalk.com/gameTimeCheck/88B1DA8D836871D21324214AE66A2FD26B741B27?sk28HtJ5u-k"", ""[電影] 想見你 "")",02:57
2723,"=HYPERLINK(""https://manage.italkutalk.com/gameTimeCheck/88B1DA8D836871D21324214AE66A2FD26B741B27?81qO9YJIdgY"", ""[卡通] 中秋之夜"")",03:18
2739,"=HYPERLINK(""https://manage.italkutalk.com/gameTimeCheck/88B1DA8D836871D21324214AE66A2FD26B741B27?hKiyq-LAOG0"", ""[卡通] 自己的劫"")",00:43
2741,"=HYPERLINK(""https://manage.italkutalk.com/gameTimeCheck/88B1DA8D836871D21324214AE66A2FD26B741B27?-Iqc0x7ukXA"", ""[時尚] Gucci七夕情人節"")",01:12
2743,"=HYPERLINK(""https://manage.italkutalk.com/gameTimeCheck/88B1DA8D836871D21324214AE66A2FD26B741B27?B_GedTVsG4w"", ""[生活] 和13隻貓一起生活 "")",01:02
2745,"=HYPERLINK(""https://manage.italkutalk.com/gameTimeCheck/88B1DA8D836871D21324214AE66A2FD26B741B27?7I1SPKwTXJ0"", ""[音樂] 致我們單純的小美好"")",03:49
2791,"=HYPERLINK(""https://manage.italkutalk.com/gameTimeCheck/88B1DA8D836871D21324214AE66A2FD26B741B27?T60EQ5pIE6k"", ""[卡通] 未來的自己"")",02:52
2793,"=HYPERLINK(""https://manage.italkutalk.com/gameTimeCheck/88B1DA8D836871D21324214AE66A2FD26B741B27?0q2qgFBhUdE"", ""[音樂] 有何不可"")",04:01
2800,"=HYPERLINK(""https://manage.italkutalk.com/gameTimeCheck/88B1DA8D836871D21324214AE66A2FD26B741B27?-Gy84quRpVE"", ""[卡通] 孫悟空和白晶晶"")",01:04
2801,"=HYPERLINK(""https://manage.italkutalk.com/gameTimeCheck/88B1DA8D836871D21324214AE66A2FD26B741B27?pATJzo3uQeo"", ""[卡通] 人生難免犯錯"")",00:38
2803,"=HYPERLINK(""https://manage.italkutalk.com/gameTimeCheck/88B1DA8D836871D21324214AE66A2FD26B741B27?bZm2CZHf_Ls"", ""[電影] 餘生請多指教 預告片"")",01:54
2804,"=HYPERLINK(""https://manage.italkutalk.com/gameTimeCheck/88B1DA8D836871D21324214AE66A2FD26B741B27?6F&index=69"", ""[電影] 楊紫肖戰平然心動"")",00:39
2805,"=HYPERLINK(""https://manage.italkutalk.com/gameTimeCheck/88B1DA8D836871D21324214AE66A2FD26B741B27?jF9Mlq0mv9U"", ""[電影] 東宮番外"")",03:31
2807,"=HYPERLINK(""https://manage.italkutalk.com/gameTimeCheck/88B1DA8D836871D21324214AE66A2FD26B741B27?7_2aDUA3O9M"", ""[音樂] 牛奶麵包"")",03:19
2885,"=HYPERLINK(""https://manage.italkutalk.com/gameTimeCheck/88B1DA8D836871D21324214AE66A2FD26B741B27?0kc4ROlmzps"", ""[卡通] 有些人誰都代替不了"")",03:18
2911,"=HYPERLINK(""https://manage.italkutalk.com/gameTimeCheck/88B1DA8D836871D21324214AE66A2FD26B741B27?Ml7BgtgNw_c"", ""[卡通] 真正的喜歡"")",00:53
2979,"=HYPERLINK(""https://manage.italkutalk.com/gameTimeCheck/88B1DA8D836871D21324214AE66A2FD26B741B27?6F&index=53"", ""[卡通] 不虧欠怎會相見"")",00:41
2980,"=HYPERLINK(""https://manage.italkutalk.com/gameTimeCheck/88B1DA8D836871D21324214AE66A2FD26B741B27?qPbzo3EogmM"", ""[卡通] 初見"")",00:44
2982,"=HYPERLINK(""https://manage.italkutalk.com/gameTimeCheck/88B1DA8D836871D21324214AE66A2FD26B741B27?J_CO4v6p8m0"", ""[音樂] 依然愛你"")",03:40
2988,"=HYPERLINK(""https://manage.italkutalk.com/gameTimeCheck/88B1DA8D836871D21324214AE66A2FD26B741B27?LMReWwqD9_c"", ""[電影] 以家人之名 預告"")",02:19
2989,"=HYPERLINK(""https://manage.italkutalk.com/gameTimeCheck/88B1DA8D836871D21324214AE66A2FD26B741B27?PGY-LLx55sM"", ""[電影] 李尖尖送哥哥們"")",01:47
3061,"=HYPERLINK(""https://manage.italkutalk.com/gameTimeCheck/88B1DA8D836871D21324214AE66A2FD26B741B27?xB_C6mSp868"", ""[電影] 凌霄表露心意"")",02:06
3065,"=HYPERLINK(""https://manage.italkutalk.com/gameTimeCheck/88B1DA8D836871D21324214AE66A2FD26B741B27?-oA&index=3"", ""[音樂] 浪人琵琶"")",03:45
3096,"=HYPERLINK(""https://manage.italkutalk.com/gameTimeCheck/88B1DA8D836871D21324214AE66A2FD26B741B27?j_ATr8q3h84"", ""[卡通] 朋友變少"")",00:29
3097,"=HYPERLINK(""https://manage.italkutalk.com/gameTimeCheck/88B1DA8D836871D21324214AE66A2FD26B741B27?sQ_inFeTlIQ"", ""[日常] 聖誕節送什麼禮物給女生"")",02:36
3098,"=HYPERLINK(""https://manage.italkutalk.com/gameTimeCheck/88B1DA8D836871D21324214AE66A2FD26B741B27?3kusTi6KTLg"", ""[音樂] 愛存在"")",03:38
3099,"=HYPERLINK(""https://manage.italkutalk.com/gameTimeCheck/88B1DA8D836871D21324214AE66A2FD26B741B27?tGF9zc3phys"", ""[電影] 尖尖照顧哥哥"")",01:08
3148,"=HYPERLINK(""https://manage.italkutalk.com/gameTimeCheck/88B1DA8D836871D21324214AE66A2FD26B741B27?6F&index=75"", ""[卡通] 愛的表現"")",00:27
3151,"=HYPERLINK(""https://manage.italkutalk.com/gameTimeCheck/88B1DA8D836871D21324214AE66A2FD26B741B27?VL70NEnzSaM"", ""[卡通] 付出"")",00:47
3159,"=HYPERLINK(""https://manage.italkutalk.com/gameTimeCheck/88B1DA8D836871D21324214AE66A2FD26B741B27?JcY6alnSriI"", ""[時尚] 肖戰"")",01:59
3163,"=HYPERLINK(""https://manage.italkutalk.com/gameTimeCheck/88B1DA8D836871D21324214AE66A2FD26B741B27?dCqqqyeZGjM"", ""[音樂] 一笑傾城"")",03:53
3180,"=HYPERLINK(""https://manage.italkutalk.com/gameTimeCheck/88B1DA8D836871D21324214AE66A2FD26B741B27?G54rCcAtqXk"", ""[美食] 重慶麵條"")",03:04
3184,"=HYPERLINK(""https://manage.italkutalk.com/gameTimeCheck/88B1DA8D836871D21324214AE66A2FD26B741B27?C067PcEqr18"", ""[美食] 北京小吃年糕"")",03:48
3230,"=HYPERLINK(""https://manage.italkutalk.com/gameTimeCheck/88B1DA8D836871D21324214AE66A2FD26B741B27?6F&index=60"", ""[卡通] 冷暖自知"")",00:50
3231,"=HYPERLINK(""https://manage.italkutalk.com/gameTimeCheck/88B1DA8D836871D21324214AE66A2FD26B741B27?6F&index=63"", ""[音樂] 致我們暖暖的小時光"")",03:19
3236,"=HYPERLINK(""https://manage.italkutalk.com/gameTimeCheck/88B1DA8D836871D21324214AE66A2FD26B741B27?6F&index=73"", ""[電影] 一起回家"")",02:08
3281,"=HYPERLINK(""https://manage.italkutalk.com/gameTimeCheck/88B1DA8D836871D21324214AE66A2FD26B741B27?6F&index=68"", ""[卡通] 舊傷"")",01:56
3292,"=HYPERLINK(""https://manage.italkutalk.com/gameTimeCheck/88B1DA8D836871D21324214AE66A2FD26B741B27?pz7Z7sBySiQ"", ""[美食] 包水餃"")",02:51
3304,"=HYPERLINK(""https://manage.italkutalk.com/gameTimeCheck/88B1DA8D836871D21324214AE66A2FD26B741B27?UbV8jpCVmbU"", ""[音樂] 心願便利貼"")",01:42
3306,"=HYPERLINK(""https://manage.italkutalk.com/gameTimeCheck/88B1DA8D836871D21324214AE66A2FD26B741B27?jG0x4bXr04Y"", ""[音樂] 只是太愛你"")",00:29
3307,"=HYPERLINK(""https://manage.italkutalk.com/gameTimeCheck/88B1DA8D836871D21324214AE66A2FD26B741B27?GCkc8yaRQGc"", ""[音樂] 過雲雨"")",02:18
3314,"=HYPERLINK(""https://manage.italkutalk.com/gameTimeCheck/88B1DA8D836871D21324214AE66A2FD26B741B27?Euu2S_MpXtA"", ""[電影] 如何炫耀哥哥"")",02:51
3316,"=HYPERLINK(""https://manage.italkutalk.com/gameTimeCheck/88B1DA8D836871D21324214AE66A2FD26B741B27?9Yux846NPL8"", ""[電影] 過大年吃火鍋"")",02:25
3328,"=HYPERLINK(""https://manage.italkutalk.com/gameTimeCheck/88B1DA8D836871D21324214AE66A2FD26B741B27?QeRazTGK7q4"", ""[音樂] 寧夏"")",03:32
3351,"=HYPERLINK(""https://manage.italkutalk.com/gameTimeCheck/88B1DA8D836871D21324214AE66A2FD26B741B27?7FiQV1-z06Q"", ""[音樂] 情歌 "")",04:19
3353,"=HYPERLINK(""https://manage.italkutalk.com/gameTimeCheck/88B1DA8D836871D21324214AE66A2FD26B741B27?HorDkRCoxNY"", ""[電影] 光漢上快本節目"")",00:33
3354,"=HYPERLINK(""https://manage.italkutalk.com/gameTimeCheck/88B1DA8D836871D21324214AE66A2FD26B741B27?a_IsvngEirE"", ""[電影] 霍建華上快本"")",02:11
3355,"=HYPERLINK(""https://manage.italkutalk.com/gameTimeCheck/88B1DA8D836871D21324214AE66A2FD26B741B27?oQanVmrDpRk"", ""[電影] 范冰冰上快本"")",00:22
3361,"=HYPERLINK(""https://manage.italkutalk.com/gameTimeCheck/88B1DA8D836871D21324214AE66A2FD26B741B27?1LNVzTcAAFk"", ""[音樂] 愛的魔法"")",03:12
3363,"=HYPERLINK(""https://manage.italkutalk.com/gameTimeCheck/88B1DA8D836871D21324214AE66A2FD26B741B27?1aEFqPG3ia4"", ""[電影] 劉昊然記性差"")",02:20
3364,"=HYPERLINK(""https://manage.italkutalk.com/gameTimeCheck/88B1DA8D836871D21324214AE66A2FD26B741B27?K6o2sNHfkVA"", ""[卡通] 長大後會這樣"")",00:27
3365,"=HYPERLINK(""https://manage.italkutalk.com/gameTimeCheck/88B1DA8D836871D21324214AE66A2FD26B741B27?HE344RjmWPU"", ""[卡通] 幸福一直都在"")",01:59
3366,"=HYPERLINK(""https://manage.italkutalk.com/gameTimeCheck/88B1DA8D836871D21324214AE66A2FD26B741B27?Sg53p3PRngU"", ""[電影] 凌霄賀子秋合租"")",00:53
3367,"=HYPERLINK(""https://manage.italkutalk.com/gameTimeCheck/88B1DA8D836871D21324214AE66A2FD26B741B27?speTG2nqQhs"", ""[電影] 三兄妹見義勇爲"")",03:50
3387,"=HYPERLINK(""https://manage.italkutalk.com/gameTimeCheck/88B1DA8D836871D21324214AE66A2FD26B741B27?nggGs63HUCE"", ""[音樂] 信仰"")",03:45
3396,"=HYPERLINK(""https://manage.italkutalk.com/gameTimeCheck/88B1DA8D836871D21324214AE66A2FD26B741B27?6F&index=85"", ""[電影] 迪麗熱巴快本"")",00:37
3397,"=HYPERLINK(""https://manage.italkutalk.com/gameTimeCheck/88B1DA8D836871D21324214AE66A2FD26B741B27?6F&index=89"", ""[時尚] 井柏然"")",01:17
3425,"=HYPERLINK(""https://manage.italkutalk.com/gameTimeCheck/88B1DA8D836871D21324214AE66A2FD26B741B27?aRtMPnWSxhc"", ""[卡通] 永遠到底有多遠"")",02:10
3426,"=HYPERLINK(""https://manage.italkutalk.com/gameTimeCheck/88B1DA8D836871D21324214AE66A2FD26B741B27?rom8_r6EUAY"", ""[音樂] 123我愛你"")",03:20
3435,"=HYPERLINK(""https://manage.italkutalk.com/gameTimeCheck/88B1DA8D836871D21324214AE66A2FD26B741B27?J3o0QcOGxSk"", ""[訪談] 迪麗熱巴"")",03:47
3461,"=HYPERLINK(""https://manage.italkutalk.com/gameTimeCheck/88B1DA8D836871D21324214AE66A2FD26B741B27?H2TgzJDHl2A"", ""[音樂] 有點甜"")",03:49
3462,"=HYPERLINK(""https://manage.italkutalk.com/gameTimeCheck/88B1DA8D836871D21324214AE66A2FD26B741B27?6F&index=56"", ""[電影] 想見你預告"")",01:03
3463,"=HYPERLINK(""https://manage.italkutalk.com/gameTimeCheck/88B1DA8D836871D21324214AE66A2FD26B741B27?AE3M37ClYFE"", ""[電影] 想見你時空穿梭篇"")",00:44
3464,"=HYPERLINK(""https://manage.italkutalk.com/gameTimeCheck/88B1DA8D836871D21324214AE66A2FD26B741B27?6F&index=94"", ""[音樂] 少年"")",03:57
3477,"=HYPERLINK(""https://manage.italkutalk.com/gameTimeCheck/88B1DA8D836871D21324214AE66A2FD26B741B27?6YdDIFHw2Lc"", ""[卡通] 喜歡和愛的區別"")",00:45
3493,"=HYPERLINK(""https://manage.italkutalk.com/gameTimeCheck/88B1DA8D836871D21324214AE66A2FD26B741B27?RvpMvg4BEZw"", ""[卡通] 緣分"")",02:40
3494,"=HYPERLINK(""https://manage.italkutalk.com/gameTimeCheck/88B1DA8D836871D21324214AE66A2FD26B741B27?4_ZM8D5JMSQ"", ""[卡通] 七八點的問題"")",00:32
3498,"=HYPERLINK(""https://manage.italkutalk.com/gameTimeCheck/88B1DA8D836871D21324214AE66A2FD26B741B27?40tigH6OWs8"", ""[卡通] 接受平凡不容易"")",02:35
3499,"=HYPERLINK(""https://manage.italkutalk.com/gameTimeCheck/88B1DA8D836871D21324214AE66A2FD26B741B27?T4Daj2R_ma0"", ""[音樂] 萬有引力"")",04:06
3501,"=HYPERLINK(""https://manage.italkutalk.com/gameTimeCheck/88B1DA8D836871D21324214AE66A2FD26B741B27?dPzNLuHLGpc"", ""[生活] 財務自由"")",03:32
3502,"=HYPERLINK(""https://manage.italkutalk.com/gameTimeCheck/88B1DA8D836871D21324214AE66A2FD26B741B27?l-MTrMertKQ"", ""[音樂] 追光者"")",03:47
3503,"=HYPERLINK(""https://manage.italkutalk.com/gameTimeCheck/88B1DA8D836871D21324214AE66A2FD26B741B27?6F&index=89"", ""[卡通] 只求相遇"")",00:39
3504,"=HYPERLINK(""https://manage.italkutalk.com/gameTimeCheck/88B1DA8D836871D21324214AE66A2FD26B741B27?h7MZCrcP49Q"", ""[美食] 秋天養生"")",03:32
3557,"=HYPERLINK(""https://manage.italkutalk.com/gameTimeCheck/88B1DA8D836871D21324214AE66A2FD26B741B27?6F&index=57"", ""[卡通] 快樂的意義"")",00:44
3558,"=HYPERLINK(""https://manage.italkutalk.com/gameTimeCheck/88B1DA8D836871D21324214AE66A2FD26B741B27?4X47mYVHpDo"", ""[卡通] 兜兜轉轉"")",00:35
3559,"=HYPERLINK(""https://manage.italkutalk.com/gameTimeCheck/88B1DA8D836871D21324214AE66A2FD26B741B27?BKYsQA2kaNs"", ""[音樂] 失眠飛行 "")",03:43
3563,"=HYPERLINK(""https://manage.italkutalk.com/gameTimeCheck/88B1DA8D836871D21324214AE66A2FD26B741B27?z6F&index=3"", ""[時尚] 超美單身公寓"")",03:41
3565,"=HYPERLINK(""https://manage.italkutalk.com/gameTimeCheck/88B1DA8D836871D21324214AE66A2FD26B741B27?3I6n9rrhrNE"", ""[卡通] 感恩節的由來"")",01:51
3567,"=HYPERLINK(""https://manage.italkutalk.com/gameTimeCheck/88B1DA8D836871D21324214AE66A2FD26B741B27?z6F&index=1"", ""[音樂] 剛好遇見你"")",03:03
3568,"=HYPERLINK(""https://manage.italkutalk.com/gameTimeCheck/88B1DA8D836871D21324214AE66A2FD26B741B27?z6F&index=2"", ""[音樂] 你的答案  "")",03:54
3579,"=HYPERLINK(""https://manage.italkutalk.com/gameTimeCheck/88B1DA8D836871D21324214AE66A2FD26B741B27?z6F&index=8"", ""[時尚] 台灣四代同堂"")",03:35
3596,"=HYPERLINK(""https://manage.italkutalk.com/gameTimeCheck/88B1DA8D836871D21324214AE66A2FD26B741B27?6F&index=18"", ""[電影] 我想見你"")",01:05
3786,"=HYPERLINK(""https://manage.italkutalk.com/gameTimeCheck/88B1DA8D836871D21324214AE66A2FD26B741B27?6F&index=12"", ""[卡通] 如果真有"")",03:12
3796,"=HYPERLINK(""https://manage.italkutalk.com/gameTimeCheck/88B1DA8D836871D21324214AE66A2FD26B741B27?949AWfOexIY"", ""[音樂] 如果的事 "")",02:28
3797,"=HYPERLINK(""https://manage.italkutalk.com/gameTimeCheck/88B1DA8D836871D21324214AE66A2FD26B741B27?e3X&index=3"", ""[音樂] 紅昭願"")",02:53
3798,"=HYPERLINK(""https://manage.italkutalk.com/gameTimeCheck/88B1DA8D836871D21324214AE66A2FD26B741B27?E5NpfVntUVg"", ""[電影] 空間為你存在 "")",00:46
3799,"=HYPERLINK(""https://manage.italkutalk.com/gameTimeCheck/88B1DA8D836871D21324214AE66A2FD26B741B27?1YliXHvbnnI"", ""[電影] 耐得住的好品質"")",00:36
3800,"=HYPERLINK(""https://manage.italkutalk.com/gameTimeCheck/88B1DA8D836871D21324214AE66A2FD26B741B27?_DETly9JTKE"", ""[音樂] 紅色高跟鞋 "")",03:34
3801,"=HYPERLINK(""https://manage.italkutalk.com/gameTimeCheck/88B1DA8D836871D21324214AE66A2FD26B741B27?6F&index=23"", ""[電影] 想見你預告"")",01:05
3802,"=HYPERLINK(""https://manage.italkutalk.com/gameTimeCheck/88B1DA8D836871D21324214AE66A2FD26B741B27?AupEnwSKzxo"", ""[卡通] 知錯能改"")",01:38
3818,"=HYPERLINK(""https://manage.italkutalk.com/gameTimeCheck/88B1DA8D836871D21324214AE66A2FD26B741B27?Kp0hQd_JFU0"", ""[時尚] 北京二環老房"")",03:52
3820,"=HYPERLINK(""https://manage.italkutalk.com/gameTimeCheck/88B1DA8D836871D21324214AE66A2FD26B741B27?gLZ2SSrV6kE"", ""[音樂] 火紅的薩爾郎"")",03:43
3835,"=HYPERLINK(""https://manage.italkutalk.com/gameTimeCheck/88B1DA8D836871D21324214AE66A2FD26B741B27?V0OjLlrhqUo"", ""[時尚] 李易峰時間流逝"")",03:53
3836,"=HYPERLINK(""https://manage.italkutalk.com/gameTimeCheck/88B1DA8D836871D21324214AE66A2FD26B741B27?kkGi5AsesCk"", ""[時尚] 李易峰一顆行星"")",02:17
3837,"=HYPERLINK(""https://manage.italkutalk.com/gameTimeCheck/88B1DA8D836871D21324214AE66A2FD26B741B27?z6F&index=1"", ""[音樂] 你好不好"")",02:44
3843,"=HYPERLINK(""https://manage.italkutalk.com/gameTimeCheck/88B1DA8D836871D21324214AE66A2FD26B741B27?GyMd0LO8RbQ"", ""[卡通] 舒服的狀態"")",01:02
3880,"=HYPERLINK(""https://manage.italkutalk.com/gameTimeCheck/88B1DA8D836871D21324214AE66A2FD26B741B27?z6F&index=1"", ""[音樂] 好想好想 "")",03:11
3882,"=HYPERLINK(""https://manage.italkutalk.com/gameTimeCheck/88B1DA8D836871D21324214AE66A2FD26B741B27?YXe1PDfnCKs"", ""[電影] 大嬸說媒趙路思"")",02:49
3903,"=HYPERLINK(""https://manage.italkutalk.com/gameTimeCheck/88B1DA8D836871D21324214AE66A2FD26B741B27?z6F&index=9"", ""[電影] 雀巢咖啡李易峰"")",00:45
3904,"=HYPERLINK(""https://manage.italkutalk.com/gameTimeCheck/88B1DA8D836871D21324214AE66A2FD26B741B27?hpUEXgn5kOE"", ""[音樂] 說散就散 "")",03:51
3906,"=HYPERLINK(""https://manage.italkutalk.com/gameTimeCheck/88B1DA8D836871D21324214AE66A2FD26B741B27?z6F&index=1"", ""[卡通] 別弄自己"")",00:41
3907,"=HYPERLINK(""https://manage.italkutalk.com/gameTimeCheck/88B1DA8D836871D21324214AE66A2FD26B741B27?Ij6ceg0C_KU"", ""[電影] 一不小心撿到愛"")",03:15
3910,"=HYPERLINK(""https://manage.italkutalk.com/gameTimeCheck/88B1DA8D836871D21324214AE66A2FD26B741B27?hskgZOQv7DM"", ""[電影] 趙路思我喜歡你"")",01:20
3914,"=HYPERLINK(""https://manage.italkutalk.com/gameTimeCheck/88B1DA8D836871D21324214AE66A2FD26B741B27?mTJ3RAZoc4g"", ""[卡通] 讓自己更强大"")",00:54
3915,"=HYPERLINK(""https://manage.italkutalk.com/gameTimeCheck/88B1DA8D836871D21324214AE66A2FD26B741B27?7p2AKFRfKgM"", ""[卡通] 默默守護"")",00:38
3916,"=HYPERLINK(""https://manage.italkutalk.com/gameTimeCheck/88B1DA8D836871D21324214AE66A2FD26B741B27?pJPI2waX7-8"", ""[音樂] 冬至"")",03:35
3920,"=HYPERLINK(""https://manage.italkutalk.com/gameTimeCheck/88B1DA8D836871D21324214AE66A2FD26B741B27?6F&index=60"", ""[時尚] 譚松韻和張新成"")",01:45
3945,"=HYPERLINK(""https://manage.italkutalk.com/gameTimeCheck/88B1DA8D836871D21324214AE66A2FD26B741B27?lCiIMckXIgo"", ""[時尚] 趙路思專訪"")",03:24
3957,"=HYPERLINK(""https://manage.italkutalk.com/gameTimeCheck/88B1DA8D836871D21324214AE66A2FD26B741B27?RCi8DtW-9bU"", ""[電影] 林允兒撒嬌"")",00:32
3958,"=HYPERLINK(""https://manage.italkutalk.com/gameTimeCheck/88B1DA8D836871D21324214AE66A2FD26B741B27?zgC1KTSunkI"", ""[電影] 林允兒舞蹈"")",00:36
3959,"=HYPERLINK(""https://manage.italkutalk.com/gameTimeCheck/88B1DA8D836871D21324214AE66A2FD26B741B27?z6F&index=3"", ""[音樂] 愛的可能"")",04:15
4014,"=HYPERLINK(""https://manage.italkutalk.com/gameTimeCheck/88B1DA8D836871D21324214AE66A2FD26B741B27?HlQdrHNJZN8"", ""[電影] 李尖尖吃小飞醋"")",02:55
4033,"=HYPERLINK(""https://manage.italkutalk.com/gameTimeCheck/88B1DA8D836871D21324214AE66A2FD26B741B27?vaknSDdG6xs"", ""[音樂] 夏天的風"")",03:51
4034,"=HYPERLINK(""https://manage.italkutalk.com/gameTimeCheck/88B1DA8D836871D21324214AE66A2FD26B741B27?kvnaNeEmMR8"", ""[卡通] 願"")",00:52
4035,"=HYPERLINK(""https://manage.italkutalk.com/gameTimeCheck/88B1DA8D836871D21324214AE66A2FD26B741B27?qcUB4uTZZNM"", ""[電影] IKEA約會"")",01:45
4058,"=HYPERLINK(""https://manage.italkutalk.com/gameTimeCheck/88B1DA8D836871D21324214AE66A2FD26B741B27?z6F&index=1"", ""[生活] 暖暖包"")",03:48
4059,"=HYPERLINK(""https://manage.italkutalk.com/gameTimeCheck/88B1DA8D836871D21324214AE66A2FD26B741B27?b-XPRDSFC-M"", ""[音樂] 勇氣"")",04:01
4060,"=HYPERLINK(""https://manage.italkutalk.com/gameTimeCheck/88B1DA8D836871D21324214AE66A2FD26B741B27?0dIx2fE4Auc"", ""[卡通] 孤獨和寂寞"")",00:39
4061,"=HYPERLINK(""https://manage.italkutalk.com/gameTimeCheck/88B1DA8D836871D21324214AE66A2FD26B741B27?z6F&index=5"", ""[生活] 真實的台灣"")",02:15
4063,"=HYPERLINK(""https://manage.italkutalk.com/gameTimeCheck/88B1DA8D836871D21324214AE66A2FD26B741B27?88o5SJlFqkw"", ""[音樂] 被風吹過的夏天"")",04:01
4068,"=HYPERLINK(""https://manage.italkutalk.com/gameTimeCheck/88B1DA8D836871D21324214AE66A2FD26B741B27?lTa699B0EGQ"", ""[時尚] 王一博必須酷"")",02:01
4153,"=HYPERLINK(""https://manage.italkutalk.com/gameTimeCheck/88B1DA8D836871D21324214AE66A2FD26B741B27?xCFXAsA-1n4"", ""[音樂] 空空如也 "")",03:32
4156,"=HYPERLINK(""https://manage.italkutalk.com/gameTimeCheck/88B1DA8D836871D21324214AE66A2FD26B741B27?6F&index=62"", ""[電影] 凌霄帶尖尖拔牙"")",03:01
4157,"=HYPERLINK(""https://manage.italkutalk.com/gameTimeCheck/88B1DA8D836871D21324214AE66A2FD26B741B27?xkm8AHHxOII"", ""[卡通] 過年長一歲"")",02:04
4158,"=HYPERLINK(""https://manage.italkutalk.com/gameTimeCheck/88B1DA8D836871D21324214AE66A2FD26B741B27?z6F&index=2"", ""[音樂] 愛過的人"")",04:02
4175,"=HYPERLINK(""https://manage.italkutalk.com/gameTimeCheck/88B1DA8D836871D21324214AE66A2FD26B741B27?6F&index=15"", ""[時尚] 今日頭條 李易峰"")",01:03
4177,"=HYPERLINK(""https://manage.italkutalk.com/gameTimeCheck/88B1DA8D836871D21324214AE66A2FD26B741B27?ZH4hRGC8aiw"", ""[生活] 南方還是北方"")",03:07
4196,"=HYPERLINK(""https://manage.italkutalk.com/gameTimeCheck/88B1DA8D836871D21324214AE66A2FD26B741B27?jreload=101"", ""[電影] 賀子秋車禍"")",02:01
4197,"=HYPERLINK(""https://manage.italkutalk.com/gameTimeCheck/88B1DA8D836871D21324214AE66A2FD26B741B27?fmjonYHd-QA"", ""[電影] 尖尖挽回凌霄"")",02:36
4312,"=HYPERLINK(""https://manage.italkutalk.com/gameTimeCheck/88B1DA8D836871D21324214AE66A2FD26B741B27?cPo8B0v2ZJ0"", ""[音樂] 抖音最火音樂"")",03:43
4313,"=HYPERLINK(""https://manage.italkutalk.com/gameTimeCheck/88B1DA8D836871D21324214AE66A2FD26B741B27?Ll60XqK6E90"", ""[音樂] 心如止水"")",03:05
4324,"=HYPERLINK(""https://manage.italkutalk.com/gameTimeCheck/88B1DA8D836871D21324214AE66A2FD26B741B27?08uo_TgN3Mk"", ""[卡通] 洗澡"")",00:40
4327,"=HYPERLINK(""https://manage.italkutalk.com/gameTimeCheck/88B1DA8D836871D21324214AE66A2FD26B741B27?t3i3sjCA81k"", ""[卡通] 河神的意思"")",01:27
4330,"=HYPERLINK(""https://manage.italkutalk.com/gameTimeCheck/88B1DA8D836871D21324214AE66A2FD26B741B27?LA70PdJ-Iy8"", ""【一禪小和尚】冬天"")",00:34
4331,"=HYPERLINK(""https://manage.italkutalk.com/gameTimeCheck/88B1DA8D836871D21324214AE66A2FD26B741B27?e10LRs6s3Ro"", ""[卡通] 醫生"")",00:34
4332,"=HYPERLINK(""https://manage.italkutalk.com/gameTimeCheck/88B1DA8D836871D21324214AE66A2FD26B741B27?Q-N-VvBxKy4"", ""[卡通] 好嗨喲"")",00:37
4333,"=HYPERLINK(""https://manage.italkutalk.com/gameTimeCheck/88B1DA8D836871D21324214AE66A2FD26B741B27?H4PwuTbFOfA"", ""[卡通] 傻子"")",00:33
4334,"=HYPERLINK(""https://manage.italkutalk.com/gameTimeCheck/88B1DA8D836871D21324214AE66A2FD26B741B27?HFL758fiQAA"", ""[卡通] 阿巳與小鈴鐺"")",00:55
4342,"=HYPERLINK(""https://manage.italkutalk.com/gameTimeCheck/88B1DA8D836871D21324214AE66A2FD26B741B27?z6F&index=7"", ""[音樂] 是想你的聲音啊"")",03:55
4344,"=HYPERLINK(""https://manage.italkutalk.com/gameTimeCheck/88B1DA8D836871D21324214AE66A2FD26B741B27?IKNF-8oPT68"", ""[電影] 尖尖溫情談心"")",02:54
4346,"=HYPERLINK(""https://manage.italkutalk.com/gameTimeCheck/88B1DA8D836871D21324214AE66A2FD26B741B27?C-g43Yo-_rE"", ""[卡通] 人妖殊途"")",00:47
4347,"=HYPERLINK(""https://manage.italkutalk.com/gameTimeCheck/88B1DA8D836871D21324214AE66A2FD26B741B27?rgu86XyO7Jp"", ""[卡通] 一禪被迫吃狗糧"")",00:53
4588,"=HYPERLINK(""https://manage.italkutalk.com/gameTimeCheck/88B1DA8D836871D21324214AE66A2FD26B741B27?C98MLoHz83c"", ""[音樂] 忘川彼岸"")",03:02
4589,"=HYPERLINK(""https://manage.italkutalk.com/gameTimeCheck/88B1DA8D836871D21324214AE66A2FD26B741B27?6F&index=17"", ""[時尚] 橘子新青李易峰"")",02:24
4590,"=HYPERLINK(""https://manage.italkutalk.com/gameTimeCheck/88B1DA8D836871D21324214AE66A2FD26B741B27?6F&index=93"", ""[知識] 肥皂工廠"")",02:50
4596,"=HYPERLINK(""https://manage.italkutalk.com/gameTimeCheck/88B1DA8D836871D21324214AE66A2FD26B741B27?kAvYq1l05bg"", ""[音樂] 燕無歇"")",03:22
4597,"=HYPERLINK(""https://manage.italkutalk.com/gameTimeCheck/88B1DA8D836871D21324214AE66A2FD26B741B27?KCrwXufE3ZI"", ""[知識] 人體第二個心臟"")",04:00
4613,"=HYPERLINK(""https://manage.italkutalk.com/gameTimeCheck/88B1DA8D836871D21324214AE66A2FD26B741B27?6F&index=40"", ""[音樂] 想見你片尾曲"")",01:31
4623,"=HYPERLINK(""https://manage.italkutalk.com/gameTimeCheck/88B1DA8D836871D21324214AE66A2FD26B741B27?sNbDvUczo70"", ""[音樂] 與我無關"")",04:01
4646,"=HYPERLINK(""https://manage.italkutalk.com/gameTimeCheck/88B1DA8D836871D21324214AE66A2FD26B741B27?rW6tE-SG0mQ"", ""[知識] 吊橋驚魂 "")",03:53
4647,"=HYPERLINK(""https://manage.italkutalk.com/gameTimeCheck/88B1DA8D836871D21324214AE66A2FD26B741B27?FPFvOrOhBQc"", ""[卡通] 什麼時候會放下"")",00:36
4648,"=HYPERLINK(""https://manage.italkutalk.com/gameTimeCheck/88B1DA8D836871D21324214AE66A2FD26B741B27?BgsAMudMSrU"", ""[音樂] 故夢"")",02:09
4649,"=HYPERLINK(""https://manage.italkutalk.com/gameTimeCheck/88B1DA8D836871D21324214AE66A2FD26B741B27?XHCXrijv_0c"", ""[時尚] 鍾漢良何以琛"")",01:46
4650,"=HYPERLINK(""https://manage.italkutalk.com/gameTimeCheck/88B1DA8D836871D21324214AE66A2FD26B741B27?jV8yHysYT1w"", ""[知識] 中秋節的由來"")",02:40
4658,"=HYPERLINK(""https://manage.italkutalk.com/gameTimeCheck/88B1DA8D836871D21324214AE66A2FD26B741B27?IIlMmhJbumA"", ""[音樂] 比爾 0811 "")",02:27
4659,"=HYPERLINK(""https://manage.italkutalk.com/gameTimeCheck/88B1DA8D836871D21324214AE66A2FD26B741B27?MzMRtJG7kS0"", ""[音樂] 比爾 1022"")",03:17
4660,"=HYPERLINK(""https://manage.italkutalk.com/gameTimeCheck/88B1DA8D836871D21324214AE66A2FD26B741B27?z6F&index=6"", ""[電影] 李現 茉莉茶一"")",01:02
4661,"=HYPERLINK(""https://manage.italkutalk.com/gameTimeCheck/88B1DA8D836871D21324214AE66A2FD26B741B27?HnT8SgwUbpY"", ""[電影] 李現 茉莉茶結"")",01:49
4662,"=HYPERLINK(""https://manage.italkutalk.com/gameTimeCheck/88B1DA8D836871D21324214AE66A2FD26B741B27?H9Tsl8kMvqA"", ""[電影] 李現 茉莉茶二"")",01:05
4663,"=HYPERLINK(""https://manage.italkutalk.com/gameTimeCheck/88B1DA8D836871D21324214AE66A2FD26B741B27?6F&index=43"", ""[電影] 想見你 萱韻如篇"")",01:18
4703,"=HYPERLINK(""https://manage.italkutalk.com/gameTimeCheck/88B1DA8D836871D21324214AE66A2FD26B741B27?vykE3JkIjMA"", ""[音樂] 後繼者"")",04:19
4706,"=HYPERLINK(""https://manage.italkutalk.com/gameTimeCheck/88B1DA8D836871D21324214AE66A2FD26B741B27?oqTPIFIBoc4"", ""[卡通] 玫瑰"")",03:07
4708,"=HYPERLINK(""https://manage.italkutalk.com/gameTimeCheck/88B1DA8D836871D21324214AE66A2FD26B741B27?WGOgvCGXCRs"", ""[卡通] 忘記"")",00:52
4721,"=HYPERLINK(""https://manage.italkutalk.com/gameTimeCheck/88B1DA8D836871D21324214AE66A2FD26B741B27?i-6gR-rSUvY"", ""[音樂] 白月光與硃砂痣"")",03:28
4722,"=HYPERLINK(""https://manage.italkutalk.com/gameTimeCheck/88B1DA8D836871D21324214AE66A2FD26B741B27?dGzaq8KuirE"", ""[知識] 聖誕老人的由來"")",03:53
4727,"=HYPERLINK(""https://manage.italkutalk.com/gameTimeCheck/88B1DA8D836871D21324214AE66A2FD26B741B27?z6F&index=4"", ""[時尚] 李現雅思蘭黛"")",01:11
4729,"=HYPERLINK(""https://manage.italkutalk.com/gameTimeCheck/88B1DA8D836871D21324214AE66A2FD26B741B27?ZFw6rTEw1hA"", ""[音樂] 病變"")",04:02
4741,"=HYPERLINK(""https://manage.italkutalk.com/gameTimeCheck/88B1DA8D836871D21324214AE66A2FD26B741B27?z6F&index=4"", ""[電影] 李現 茉莉茶三"")",01:53
4746,"=HYPERLINK(""https://manage.italkutalk.com/gameTimeCheck/88B1DA8D836871D21324214AE66A2FD26B741B27?z6F&index=5"", ""[電影] 李現 茉莉茶四"")",02:28
4789,"=HYPERLINK(""https://manage.italkutalk.com/gameTimeCheck/88B1DA8D836871D21324214AE66A2FD26B741B27?IoXnM4Qq668"", ""[音樂] 迷失幻境"")",03:06
4791,"=HYPERLINK(""https://manage.italkutalk.com/gameTimeCheck/88B1DA8D836871D21324214AE66A2FD26B741B27?z6F&index=5"", ""[知識] 古人的告白金句"")",01:50
4794,"=HYPERLINK(""https://manage.italkutalk.com/gameTimeCheck/88B1DA8D836871D21324214AE66A2FD26B741B27?pmLsYfMFQYo"", ""[知識] 台灣國慶日"")",01:37
4796,"=HYPERLINK(""https://manage.italkutalk.com/gameTimeCheck/88B1DA8D836871D21324214AE66A2FD26B741B27?Hzx20wEpFvs"", ""[音樂] 歡"")",02:47
4797,"=HYPERLINK(""https://manage.italkutalk.com/gameTimeCheck/88B1DA8D836871D21324214AE66A2FD26B741B27?hk0VOJJZU9A"", ""[生活] 北投的隱藏秘境"")",03:25
4802,"=HYPERLINK(""https://manage.italkutalk.com/gameTimeCheck/88B1DA8D836871D21324214AE66A2FD26B741B27?7ppiuPOAcJs"", ""[音樂] 隔岸"")",04:17
4804,"=HYPERLINK(""https://manage.italkutalk.com/gameTimeCheck/88B1DA8D836871D21324214AE66A2FD26B741B27?FH96QyDAs1U"", ""[時尚] 趙露思祝福"")",00:25
4805,"=HYPERLINK(""https://manage.italkutalk.com/gameTimeCheck/88B1DA8D836871D21324214AE66A2FD26B741B27?U0aqQcYqLuA"", ""[時尚] 趙露思流光瓶"")",00:15
4806,"=HYPERLINK(""https://manage.italkutalk.com/gameTimeCheck/88B1DA8D836871D21324214AE66A2FD26B741B27?22owBmpwokA"", ""[音樂] 劉大壯我很好"")",04:00
4807,"=HYPERLINK(""https://manage.italkutalk.com/gameTimeCheck/88B1DA8D836871D21324214AE66A2FD26B741B27?ZGwi1lRPQPc"", ""[時尚] 趙露思專訪"")",02:29
4808,"=HYPERLINK(""https://manage.italkutalk.com/gameTimeCheck/88B1DA8D836871D21324214AE66A2FD26B741B27?7O0OSKkKBbE"", ""[卡通] 求姻緣"")",01:29
4812,"=HYPERLINK(""https://manage.italkutalk.com/gameTimeCheck/88B1DA8D836871D21324214AE66A2FD26B741B27?LK_3uxCuRAk"", ""[知識] 喝咖啡幫助減肥"")",03:29
4813,"=HYPERLINK(""https://manage.italkutalk.com/gameTimeCheck/88B1DA8D836871D21324214AE66A2FD26B741B27?7jslmL8j95w"", ""[音樂] 月牙灣"")",04:05
4830,"=HYPERLINK(""https://manage.italkutalk.com/gameTimeCheck/88B1DA8D836871D21324214AE66A2FD26B741B27?jNYaZJxa1-g"", ""[知識] 台灣茶路"")",02:04
4835,"=HYPERLINK(""https://manage.italkutalk.com/gameTimeCheck/88B1DA8D836871D21324214AE66A2FD26B741B27?LqJeSZMygwc"", ""[音樂] 東宮初見"")",04:28
4841,"=HYPERLINK(""https://manage.italkutalk.com/gameTimeCheck/88B1DA8D836871D21324214AE66A2FD26B741B27?z6F&index=1"", ""[知識] 失眠太可怕了"")",03:15
4853,"=HYPERLINK(""https://manage.italkutalk.com/gameTimeCheck/88B1DA8D836871D21324214AE66A2FD26B741B27?iAbC6K5ip-U"", ""[知識] 印度香料奶茶"")",01:34
4867,"=HYPERLINK(""https://manage.italkutalk.com/gameTimeCheck/88B1DA8D836871D21324214AE66A2FD26B741B27?M7GkL--nb5M"", ""[音樂] 涼涼"")",03:19
4868,"=HYPERLINK(""https://manage.italkutalk.com/gameTimeCheck/88B1DA8D836871D21324214AE66A2FD26B741B27?q4kCRgvQAXo"", ""[卡通] 陳情令"")",02:33
4910,"=HYPERLINK(""https://manage.italkutalk.com/gameTimeCheck/88B1DA8D836871D21324214AE66A2FD26B741B27?n-Kwe7oMtdY"", ""[知識] 網球按摩術"")",02:14
4924,"=HYPERLINK(""https://manage.italkutalk.com/gameTimeCheck/88B1DA8D836871D21324214AE66A2FD26B741B27?20wvHEdHIrI"", ""[電影] 我喜歡你一"")",01:54
4930,"=HYPERLINK(""https://manage.italkutalk.com/gameTimeCheck/88B1DA8D836871D21324214AE66A2FD26B741B27?ueD0m0dVxHE"", ""[音樂] 離人愁"")",04:00
4931,"=HYPERLINK(""https://manage.italkutalk.com/gameTimeCheck/88B1DA8D836871D21324214AE66A2FD26B741B27?4nifdUxDSPs"", ""[知識] 臉部按摩教學"")",02:17
5021,"=HYPERLINK(""https://manage.italkutalk.com/gameTimeCheck/88B1DA8D836871D21324214AE66A2FD26B741B27?A3Yo9x91uYo"", ""[知識] 美食台蝦新花樣"")",02:29
5022,"=HYPERLINK(""https://manage.italkutalk.com/gameTimeCheck/88B1DA8D836871D21324214AE66A2FD26B741B27?xMhoIxK1P1k"", ""[知識] 美食台 秋葵鷄丁"")",02:02
5023,"=HYPERLINK(""https://manage.italkutalk.com/gameTimeCheck/88B1DA8D836871D21324214AE66A2FD26B741B27?mMgzX692uP8"", ""[音樂] 會不會"")",03:59
5024,"=HYPERLINK(""https://manage.italkutalk.com/gameTimeCheck/88B1DA8D836871D21324214AE66A2FD26B741B27?ytU_RIlPlaM"", ""[音樂] 遇見及惡作劇 "")",03:29
5026,"=HYPERLINK(""https://manage.italkutalk.com/gameTimeCheck/88B1DA8D836871D21324214AE66A2FD26B741B27?vgJvoFB15gc"", ""[知識] 每個人需求層次"")",03:26
5033,"=HYPERLINK(""https://manage.italkutalk.com/gameTimeCheck/88B1DA8D836871D21324214AE66A2FD26B741B27?ffbcG9F9kts"", ""[卡通] 師徒對戰 "")",01:01
5036,"=HYPERLINK(""https://manage.italkutalk.com/gameTimeCheck/88B1DA8D836871D21324214AE66A2FD26B741B27?09lrrmqYejs"", ""[知識] 美食台啤酒雞爪"")",03:16
5037,"=HYPERLINK(""https://manage.italkutalk.com/gameTimeCheck/88B1DA8D836871D21324214AE66A2FD26B741B27?Ym_24r9jtDU"", ""[音樂] 紅顏舊 "")",03:52
5134,"=HYPERLINK(""https://manage.italkutalk.com/gameTimeCheck/88B1DA8D836871D21324214AE66A2FD26B741B27?cP0ZhWdyw2w"", ""[美食] 台灣的好吃料理"")",02:05
5136,"=HYPERLINK(""https://manage.italkutalk.com/gameTimeCheck/88B1DA8D836871D21324214AE66A2FD26B741B27?I3ZVjkWzh-8"", ""[音樂] 上邪"")",04:13
5152,"=HYPERLINK(""https://manage.italkutalk.com/gameTimeCheck/88B1DA8D836871D21324214AE66A2FD26B741B27?mKieNnyJ1SU"", ""[卡通] 喜歡卻不主動"")",00:47
5154,"=HYPERLINK(""https://manage.italkutalk.com/gameTimeCheck/88B1DA8D836871D21324214AE66A2FD26B741B27?VTIzXf3cNms"", ""[音樂] 情人"")",03:20
5156,"=HYPERLINK(""https://manage.italkutalk.com/gameTimeCheck/88B1DA8D836871D21324214AE66A2FD26B741B27?z6F&index=3"", ""[美食] 紐約貝果店"")",03:31
5164,"=HYPERLINK(""https://manage.italkutalk.com/gameTimeCheck/88B1DA8D836871D21324214AE66A2FD26B741B27?jL6kYDAsSsR"", ""[電視] 沫沫她對我有意"")",00:37
5165,"=HYPERLINK(""https://manage.italkutalk.com/gameTimeCheck/88B1DA8D836871D21324214AE66A2FD26B741B27?6RW93an-qqw"", ""[音樂] 他只是經過"")",03:36
5166,"=HYPERLINK(""https://manage.italkutalk.com/gameTimeCheck/88B1DA8D836871D21324214AE66A2FD26B741B27?j40aeJBf2OI"", ""[知識] 網站架設軟體"")",02:19
5167,"=HYPERLINK(""https://manage.italkutalk.com/gameTimeCheck/88B1DA8D836871D21324214AE66A2FD26B741B27?SsR&index=2"", ""[電影] 沫沫我心動了"")",01:04
5168,"=HYPERLINK(""https://manage.italkutalk.com/gameTimeCheck/88B1DA8D836871D21324214AE66A2FD26B741B27?SsR&index=3"", ""[電影] 沫沫終於找到了"")",00:45
5169,"=HYPERLINK(""https://manage.italkutalk.com/gameTimeCheck/88B1DA8D836871D21324214AE66A2FD26B741B27?U-BU9OSbpnE"", ""[音樂] 山有木兮"")",04:14
5170,"=HYPERLINK(""https://manage.italkutalk.com/gameTimeCheck/88B1DA8D836871D21324214AE66A2FD26B741B27?Nfdj0V36RgM"", ""[知識] 財務報表"")",01:53
5171,"=HYPERLINK(""https://manage.italkutalk.com/gameTimeCheck/88B1DA8D836871D21324214AE66A2FD26B741B27?RtGPkSRveXo"", ""[卡通] 我牙疼"")",00:48
5172,"=HYPERLINK(""https://manage.italkutalk.com/gameTimeCheck/88B1DA8D836871D21324214AE66A2FD26B741B27?WlZhUb5VxMM"", ""[卡通] 變身"")",00:18
5174,"=HYPERLINK(""https://manage.italkutalk.com/gameTimeCheck/88B1DA8D836871D21324214AE66A2FD26B741B27?Jq_-U23oJV4"", ""[音樂] 漸冷"")",04:41
5182,"=HYPERLINK(""https://manage.italkutalk.com/gameTimeCheck/88B1DA8D836871D21324214AE66A2FD26B741B27?z6F&index=6"", ""[知識] 減肥晚餐原則 "")",03:30
5183,"=HYPERLINK(""https://manage.italkutalk.com/gameTimeCheck/88B1DA8D836871D21324214AE66A2FD26B741B27?AlMNb94ozuQ"", ""[音樂] 九萬字"")",03:52
5330,"=HYPERLINK(""https://manage.italkutalk.com/gameTimeCheck/88B1DA8D836871D21324214AE66A2FD26B741B27?z7w&index=2"", ""[電影] 胡一天你的時代"")",03:21
5331,"=HYPERLINK(""https://manage.italkutalk.com/gameTimeCheck/88B1DA8D836871D21324214AE66A2FD26B741B27?z7w&index=3"", ""[音樂] 太陽雨"")",03:19
5332,"=HYPERLINK(""https://manage.italkutalk.com/gameTimeCheck/88B1DA8D836871D21324214AE66A2FD26B741B27?80UmFFoqPKQ"", ""[音樂] 我和你"")",03:12
5333,"=HYPERLINK(""https://manage.italkutalk.com/gameTimeCheck/88B1DA8D836871D21324214AE66A2FD26B741B27?cPy&index=5"", ""[電影] 你的時代2"")",01:50
5334,"=HYPERLINK(""https://manage.italkutalk.com/gameTimeCheck/88B1DA8D836871D21324214AE66A2FD26B741B27?cPy&index=6"", ""[電影] 你的時代3"")",01:18
5336,"=HYPERLINK(""https://manage.italkutalk.com/gameTimeCheck/88B1DA8D836871D21324214AE66A2FD26B741B27?EX_26QeznwM"", ""[卡通] 孤獨"")",00:31
5338,"=HYPERLINK(""https://manage.italkutalk.com/gameTimeCheck/88B1DA8D836871D21324214AE66A2FD26B741B27?dex=5&t=22s"", ""[電影] 你的時代4"")",01:32
5339,"=HYPERLINK(""https://manage.italkutalk.com/gameTimeCheck/88B1DA8D836871D21324214AE66A2FD26B741B27?cPy&index=9"", ""[電影] 你的時代5"")",03:12
5341,"=HYPERLINK(""https://manage.italkutalk.com/gameTimeCheck/88B1DA8D836871D21324214AE66A2FD26B741B27?ly1yM-T4yhI"", ""[音樂] 熬夜上瘾"")",03:19
5356,"=HYPERLINK(""https://manage.italkutalk.com/gameTimeCheck/88B1DA8D836871D21324214AE66A2FD26B741B27?rzrNuybtHNU"", ""[電影] 你的時代6"")",03:02
5357,"=HYPERLINK(""https://manage.italkutalk.com/gameTimeCheck/88B1DA8D836871D21324214AE66A2FD26B741B27?rw4HhD5OnNI"", ""[音樂] 棉花糖"")",03:32
5371,"=HYPERLINK(""https://manage.italkutalk.com/gameTimeCheck/88B1DA8D836871D21324214AE66A2FD26B741B27?gm4g4C00MhU"", ""[卡通] 志趣相投"")",00:46
5468,"=HYPERLINK(""https://manage.italkutalk.com/gameTimeCheck/88B1DA8D836871D21324214AE66A2FD26B741B27?a63YA1am8Ys"", ""[音樂] 你是我的小宇宙"")",04:06
5471,"=HYPERLINK(""https://manage.italkutalk.com/gameTimeCheck/88B1DA8D836871D21324214AE66A2FD26B741B27?Py&index=16"", ""[電影] 你的時代7"")",03:07
5472,"=HYPERLINK(""https://manage.italkutalk.com/gameTimeCheck/88B1DA8D836871D21324214AE66A2FD26B741B27?dxOBJZcQ3I8"", ""[音樂] 爸爸媽媽 "")",04:45
5476,"=HYPERLINK(""https://manage.italkutalk.com/gameTimeCheck/88B1DA8D836871D21324214AE66A2FD26B741B27?Py&index=19"", ""[電影] 李現 你的時代"")",01:11
5477,"=HYPERLINK(""https://manage.italkutalk.com/gameTimeCheck/88B1DA8D836871D21324214AE66A2FD26B741B27?Py&index=20"", ""[電影] 李現擔心吳白"")",01:58
5478,"=HYPERLINK(""https://manage.italkutalk.com/gameTimeCheck/88B1DA8D836871D21324214AE66A2FD26B741B27?XsSN-YrLM4o"", ""[知識] 失控心理因素"")",03:29
5479,"=HYPERLINK(""https://manage.italkutalk.com/gameTimeCheck/88B1DA8D836871D21324214AE66A2FD26B741B27?BCn81_zmNa8"", ""[音樂] 失控"")",04:16
5503,"=HYPERLINK(""https://manage.italkutalk.com/gameTimeCheck/88B1DA8D836871D21324214AE66A2FD26B741B27?lBNYpPmjH8M"", ""[音樂] 分手快樂"")",04:37
5504,"=HYPERLINK(""https://manage.italkutalk.com/gameTimeCheck/88B1DA8D836871D21324214AE66A2FD26B741B27?Py&index=25"", ""[電影] 你的時代8"")",02:33
5522,"=HYPERLINK(""https://manage.italkutalk.com/gameTimeCheck/88B1DA8D836871D21324214AE66A2FD26B741B27?_gz_LofshVI"", ""自我提升心理学.测试情绪是否健康的四个指标.怎么和自己做朋友."")",02:46
5531,"=HYPERLINK(""https://manage.italkutalk.com/gameTimeCheck/88B1DA8D836871D21324214AE66A2FD26B741B27?7w&index=12"", ""[音樂] 花心 "")",03:58
5533,"=HYPERLINK(""https://manage.italkutalk.com/gameTimeCheck/88B1DA8D836871D21324214AE66A2FD26B741B27?Py&index=29"", ""[電影] 你的時代9"")",03:06
5535,"=HYPERLINK(""https://manage.italkutalk.com/gameTimeCheck/88B1DA8D836871D21324214AE66A2FD26B741B27?YmWkMMvvU9I"", ""[卡通] 生活冷清"")",00:21
5536,"=HYPERLINK(""https://manage.italkutalk.com/gameTimeCheck/88B1DA8D836871D21324214AE66A2FD26B741B27?8kowjeq3VBQ"", ""[卡通] 離別在即"")",00:58
5698,"=HYPERLINK(""https://manage.italkutalk.com/gameTimeCheck/88B1DA8D836871D21324214AE66A2FD26B741B27?7w&index=11"", ""[音樂] 陰天 "")",04:01
5703,"=HYPERLINK(""https://manage.italkutalk.com/gameTimeCheck/88B1DA8D836871D21324214AE66A2FD26B741B27?1f7wqTAgiGg"", ""[電影] 你的時代10"")",02:37
5732,"=HYPERLINK(""https://manage.italkutalk.com/gameTimeCheck/88B1DA8D836871D21324214AE66A2FD26B741B27?sWm8ZNAWuYg"", ""[音樂] 錯位時空"")",03:25
5744,"=HYPERLINK(""https://manage.italkutalk.com/gameTimeCheck/88B1DA8D836871D21324214AE66A2FD26B741B27?Py&index=26"", ""[電影] 你的時代11"")",02:51
5745,"=HYPERLINK(""https://manage.italkutalk.com/gameTimeCheck/88B1DA8D836871D21324214AE66A2FD26B741B27?Py&index=22"", ""[電影] 你的時代12"")",02:12
5752,"=HYPERLINK(""https://manage.italkutalk.com/gameTimeCheck/88B1DA8D836871D21324214AE66A2FD26B741B27?z7w&index=9"", ""[音樂] 朋友"")",04:39
5753,"=HYPERLINK(""https://manage.italkutalk.com/gameTimeCheck/88B1DA8D836871D21324214AE66A2FD26B741B27?Py&index=89"", ""[電影] 你的時代13"")",01:26
5763,"=HYPERLINK(""https://manage.italkutalk.com/gameTimeCheck/88B1DA8D836871D21324214AE66A2FD26B741B27?To0I58Ck02U"", ""[電影] 贅婿1"")",02:48
5764,"=HYPERLINK(""https://manage.italkutalk.com/gameTimeCheck/88B1DA8D836871D21324214AE66A2FD26B741B27?z7w&index=6"", ""[音樂] 夢醒時分"")",03:58
5765,"=HYPERLINK(""https://manage.italkutalk.com/gameTimeCheck/88B1DA8D836871D21324214AE66A2FD26B741B27?Py&index=23"", ""[電影] 你的時代14"")",02:23
5767,"=HYPERLINK(""https://manage.italkutalk.com/gameTimeCheck/88B1DA8D836871D21324214AE66A2FD26B741B27?hgpDlHqajuI"", ""[卡通] 聽雨"")",01:45
6203,"=HYPERLINK(""https://manage.italkutalk.com/gameTimeCheck/88B1DA8D836871D21324214AE66A2FD26B741B27?MH51s-efu4F"", ""[電影] 生活家1"")",01:07
6204,"=HYPERLINK(""https://manage.italkutalk.com/gameTimeCheck/88B1DA8D836871D21324214AE66A2FD26B741B27?oZ9&index=5"", ""[音樂] 愛我別走"")",04:42
6205,"=HYPERLINK(""https://manage.italkutalk.com/gameTimeCheck/88B1DA8D836871D21324214AE66A2FD26B741B27?d05nSxcxI1U"", ""[新聞] 活在當下"")",03:05
6208,"=HYPERLINK(""https://manage.italkutalk.com/gameTimeCheck/88B1DA8D836871D21324214AE66A2FD26B741B27?6F&index=65"", ""[美食] 好吃的萝卜菜"")",03:59
6209,"=HYPERLINK(""https://manage.italkutalk.com/gameTimeCheck/88B1DA8D836871D21324214AE66A2FD26B741B27?TSgXkL1vTBs"", ""[音樂] 清空"")",03:02
6210,"=HYPERLINK(""https://manage.italkutalk.com/gameTimeCheck/88B1DA8D836871D21324214AE66A2FD26B741B27?vV8erHta3tw"", ""[音樂] 圈住你"")",02:57
6216,"=HYPERLINK(""https://manage.italkutalk.com/gameTimeCheck/88B1DA8D836871D21324214AE66A2FD26B741B27?h5gm_ktvdcM"", ""[音樂] 我都明白 "")",04:10
6217,"=HYPERLINK(""https://manage.italkutalk.com/gameTimeCheck/88B1DA8D836871D21324214AE66A2FD26B741B27?sHtZy3toq8w"", ""[新聞] 吳青峰"")",04:27
6230,"=HYPERLINK(""https://manage.italkutalk.com/gameTimeCheck/88B1DA8D836871D21324214AE66A2FD26B741B27?QoI8Ssd8yTw"", ""[新聞] 陳立農濃不濃"")",01:29
6231,"=HYPERLINK(""https://manage.italkutalk.com/gameTimeCheck/88B1DA8D836871D21324214AE66A2FD26B741B27?UBQTi3vsybE"", ""[音樂] 無名之輩"")",04:22
6232,"=HYPERLINK(""https://manage.italkutalk.com/gameTimeCheck/88B1DA8D836871D21324214AE66A2FD26B741B27?J7QkFWlnTFk"", ""[電影] 月光變奏曲 預告"")",01:45
6250,"=HYPERLINK(""https://manage.italkutalk.com/gameTimeCheck/88B1DA8D836871D21324214AE66A2FD26B741B27?wYMrE9QKokY"", ""[電影] 陌生人的戀人"")",01:35
6271,"=HYPERLINK(""https://manage.italkutalk.com/gameTimeCheck/88B1DA8D836871D21324214AE66A2FD26B741B27?sEuPPG80KzE"", ""[電影] 學會的三個道理"")",00:51
6272,"=HYPERLINK(""https://manage.italkutalk.com/gameTimeCheck/88B1DA8D836871D21324214AE66A2FD26B741B27?ozwgpBaAUdY"", ""[音樂] 那女孩對我說"")",05:20
6273,"=HYPERLINK(""https://manage.italkutalk.com/gameTimeCheck/88B1DA8D836871D21324214AE66A2FD26B741B27?ZGymduZZhqg"", ""[電影] 一生一世"")",01:54
6275,"=HYPERLINK(""https://manage.italkutalk.com/gameTimeCheck/88B1DA8D836871D21324214AE66A2FD26B741B27?C8ZeOORuvIU"", ""[電影] 非日常派對"")",01:01
6276,"=HYPERLINK(""https://manage.italkutalk.com/gameTimeCheck/88B1DA8D836871D21324214AE66A2FD26B741B27?2gyICnAkvXY"", ""[電影] 三兄弟爆笑重逢"")",02:49
6277,"=HYPERLINK(""https://manage.italkutalk.com/gameTimeCheck/88B1DA8D836871D21324214AE66A2FD26B741B27?7xfOkBhLtWE"", ""[電影] 苦旅"")",01:09
6288,"=HYPERLINK(""https://manage.italkutalk.com/gameTimeCheck/88B1DA8D836871D21324214AE66A2FD26B741B27?mFM9WXvNLe8"", ""[音樂] 星辰大海"")",03:28
6290,"=HYPERLINK(""https://manage.italkutalk.com/gameTimeCheck/88B1DA8D836871D21324214AE66A2FD26B741B27?0gHtbOqrri4"", ""[電影] 鄧論和思純"")",03:16
6291,"=HYPERLINK(""https://manage.italkutalk.com/gameTimeCheck/88B1DA8D836871D21324214AE66A2FD26B741B27?DCP1VJGrbmM"", ""[電影] 午夜夢回"")",00:42
6292,"=HYPERLINK(""https://manage.italkutalk.com/gameTimeCheck/88B1DA8D836871D21324214AE66A2FD26B741B27?AzueaGMetsQ"", ""[音樂] 給你"")",02:38
6295,"=HYPERLINK(""https://manage.italkutalk.com/gameTimeCheck/88B1DA8D836871D21324214AE66A2FD26B741B27?W1aT20Hp-M0"", ""[音樂] 靜悄悄"")",03:05
6302,"=HYPERLINK(""https://manage.italkutalk.com/gameTimeCheck/88B1DA8D836871D21324214AE66A2FD26B741B27?mnUGX5h8TmE"", ""[音樂] 很需要"")",04:32
6311,"=HYPERLINK(""https://manage.italkutalk.com/gameTimeCheck/88B1DA8D836871D21324214AE66A2FD26B741B27?2RgRHYZBxYs"", ""[電影] 新人類"")",02:45
6312,"=HYPERLINK(""https://manage.italkutalk.com/gameTimeCheck/88B1DA8D836871D21324214AE66A2FD26B741B27?0dq&index=9"", ""[電影] 新人類21"")",01:53
6313,"=HYPERLINK(""https://manage.italkutalk.com/gameTimeCheck/88B1DA8D836871D21324214AE66A2FD26B741B27?dq&index=11"", ""[電影] 新人類20"")",01:37
6314,"=HYPERLINK(""https://manage.italkutalk.com/gameTimeCheck/88B1DA8D836871D21324214AE66A2FD26B741B27?dq&index=12"", ""[電影] 新人類19"")",02:45
6315,"=HYPERLINK(""https://manage.italkutalk.com/gameTimeCheck/88B1DA8D836871D21324214AE66A2FD26B741B27?dq&index=16"", ""[電影] 新人類 做蛋糕"")",02:36
6316,"=HYPERLINK(""https://manage.italkutalk.com/gameTimeCheck/88B1DA8D836871D21324214AE66A2FD26B741B27?dq&index=19"", ""[電影] 新人類18"")",01:54
6317,"=HYPERLINK(""https://manage.italkutalk.com/gameTimeCheck/88B1DA8D836871D21324214AE66A2FD26B741B27?dq&index=18"", ""[電影] 新人類求婚"")",01:17
6318,"=HYPERLINK(""https://manage.italkutalk.com/gameTimeCheck/88B1DA8D836871D21324214AE66A2FD26B741B27?dq&index=25"", ""[電影] 新人類16"")",03:26
6321,"=HYPERLINK(""https://manage.italkutalk.com/gameTimeCheck/88B1DA8D836871D21324214AE66A2FD26B741B27?thH5IZND7eI"", ""[音樂] 分你一半"")",03:16
6323,"=HYPERLINK(""https://manage.italkutalk.com/gameTimeCheck/88B1DA8D836871D21324214AE66A2FD26B741B27?_yCzs8QRaFg"", ""[音樂] 淪陷"")",03:57
6324,"=HYPERLINK(""https://manage.italkutalk.com/gameTimeCheck/88B1DA8D836871D21324214AE66A2FD26B741B27?pQwVfwIP_No"", ""[音樂] 奔赴星空"")",03:24
6336,"=HYPERLINK(""https://manage.italkutalk.com/gameTimeCheck/88B1DA8D836871D21324214AE66A2FD26B741B27?aD&index=19"", ""[電影] 半點蜜糖白鹿"")",02:29
6355,"=HYPERLINK(""https://manage.italkutalk.com/gameTimeCheck/88B1DA8D836871D21324214AE66A2FD26B741B27?cEss551EOJs"", ""[音樂] 察覺"")",03:24
6383,"=HYPERLINK(""https://manage.italkutalk.com/gameTimeCheck/88B1DA8D836871D21324214AE66A2FD26B741B27?56C6Ktfdnb8"", ""[電影] 照顧病人"")",02:01
6384,"=HYPERLINK(""https://manage.italkutalk.com/gameTimeCheck/88B1DA8D836871D21324214AE66A2FD26B741B27?7qMnE6nHVCY"", ""[電影] 半是蜜糖白鹿"")",01:41
6385,"=HYPERLINK(""https://manage.italkutalk.com/gameTimeCheck/88B1DA8D836871D21324214AE66A2FD26B741B27?D&index=120"", ""[電影] 白鹿懷孕"")",01:22
6390,"=HYPERLINK(""https://manage.italkutalk.com/gameTimeCheck/88B1DA8D836871D21324214AE66A2FD26B741B27?D&index=114"", ""[電影] 雲熙做菜給老婆"")",01:54
6391,"=HYPERLINK(""https://manage.italkutalk.com/gameTimeCheck/88B1DA8D836871D21324214AE66A2FD26B741B27?D&index=111"", ""[電影] 半是蜜糖33"")",02:43
6393,"=HYPERLINK(""https://manage.italkutalk.com/gameTimeCheck/88B1DA8D836871D21324214AE66A2FD26B741B27?_Tmd2twl5PA"", ""[音樂] 來遲"")",04:06
6394,"=HYPERLINK(""https://manage.italkutalk.com/gameTimeCheck/88B1DA8D836871D21324214AE66A2FD26B741B27?suhlGMd17EI"", ""[電影] 半是蜜糖31"")",01:19
6395,"=HYPERLINK(""https://manage.italkutalk.com/gameTimeCheck/88B1DA8D836871D21324214AE66A2FD26B741B27?iQd3ypZ13Yg"", ""[音樂] 偏愛"")",03:33
6396,"=HYPERLINK(""https://manage.italkutalk.com/gameTimeCheck/88B1DA8D836871D21324214AE66A2FD26B741B27?61xQW7qjFYM"", ""[采訪] 茶道正妹 "")",01:27
6398,"=HYPERLINK(""https://manage.italkutalk.com/gameTimeCheck/88B1DA8D836871D21324214AE66A2FD26B741B27?yxn_3sXn2MQ"", ""[電影] 半是蜜糖32"")",01:14
6401,"=HYPERLINK(""https://manage.italkutalk.com/gameTimeCheck/88B1DA8D836871D21324214AE66A2FD26B741B27?kypQ8lqRkKI"", ""[電影] 半是蜜糖吃醋"")",01:32
6403,"=HYPERLINK(""https://manage.italkutalk.com/gameTimeCheck/88B1DA8D836871D21324214AE66A2FD26B741B27?ufwPbPdIsi4"", ""[音樂] 游山戀"")",03:45
6405,"=HYPERLINK(""https://manage.italkutalk.com/gameTimeCheck/88B1DA8D836871D21324214AE66A2FD26B741B27?YkkhDSazxGY"", ""[采訪] 李毓芬化妝包"")",01:40
6406,"=HYPERLINK(""https://manage.italkutalk.com/gameTimeCheck/88B1DA8D836871D21324214AE66A2FD26B741B27?6bImaZnRhXY"", ""[采訪] 嘻哈玩時尚"")",02:03
6407,"=HYPERLINK(""https://manage.italkutalk.com/gameTimeCheck/88B1DA8D836871D21324214AE66A2FD26B741B27?B19XC1W_Ja4"", ""[采訪] 時尚輕旅行"")",01:36
6423,"=HYPERLINK(""https://manage.italkutalk.com/gameTimeCheck/88B1DA8D836871D21324214AE66A2FD26B741B27?ylQzp_FLH40"", ""[音樂] 嘉賓"")",04:31
6462,"=HYPERLINK(""https://manage.italkutalk.com/gameTimeCheck/88B1DA8D836871D21324214AE66A2FD26B741B27?Ibc3rWmNn2g"", ""[電影] 白鹿受傷"")",03:29
6463,"=HYPERLINK(""https://manage.italkutalk.com/gameTimeCheck/88B1DA8D836871D21324214AE66A2FD26B741B27?3lRTM5qVa5w"", ""[電影] 怎樣誇獎女孩子"")",00:36
6626,"=HYPERLINK(""https://manage.italkutalk.com/gameTimeCheck/88B1DA8D836871D21324214AE66A2FD26B741B27?qVMD4NVKC7Q"", ""[知識] 容易焦慮怎麼辦"")",03:48
6628,"=HYPERLINK(""https://manage.italkutalk.com/gameTimeCheck/88B1DA8D836871D21324214AE66A2FD26B741B27?dg8SfBMGEwA"", ""[音樂] 愛人錯過 "")",03:23
6629,"=HYPERLINK(""https://manage.italkutalk.com/gameTimeCheck/88B1DA8D836871D21324214AE66A2FD26B741B27?VejsUx6UbvU"", ""[生活] 美國的留學日常"")",03:17
6630,"=HYPERLINK(""https://manage.italkutalk.com/gameTimeCheck/88B1DA8D836871D21324214AE66A2FD26B741B27?7KBA8u6CzW4"", ""[音樂] 熱愛105度的你"")",03:20
6631,"=HYPERLINK(""https://manage.italkutalk.com/gameTimeCheck/88B1DA8D836871D21324214AE66A2FD26B741B27?-vhmWiMbNn0"", ""[音樂] 錯季"")",04:37
6679,"=HYPERLINK(""https://manage.italkutalk.com/gameTimeCheck/88B1DA8D836871D21324214AE66A2FD26B741B27?6JOp7JKbCH4"", ""[電影] 唐人街探案"")",01:48
6680,"=HYPERLINK(""https://manage.italkutalk.com/gameTimeCheck/88B1DA8D836871D21324214AE66A2FD26B741B27?BXSPCEvetw8"", ""[電影] 無間風暴"")",01:10
6691,"=HYPERLINK(""https://manage.italkutalk.com/gameTimeCheck/88B1DA8D836871D21324214AE66A2FD26B741B27?KI&index=28"", ""[電影] 月光變奏曲"")",02:02
6693,"=HYPERLINK(""https://manage.italkutalk.com/gameTimeCheck/88B1DA8D836871D21324214AE66A2FD26B741B27?DyOV_I2mFyE"", ""[電影] 愛上特種兵"")",03:01
6694,"=HYPERLINK(""https://manage.italkutalk.com/gameTimeCheck/88B1DA8D836871D21324214AE66A2FD26B741B27?r5N_4l0GvsI"", ""[電影] 端午節特別節目"")",01:27
6695,"=HYPERLINK(""https://manage.italkutalk.com/gameTimeCheck/88B1DA8D836871D21324214AE66A2FD26B741B27?L9t6QPVH_Fo"", ""[采訪] 雲南咖啡莊園"")",03:55
6697,"=HYPERLINK(""https://manage.italkutalk.com/gameTimeCheck/88B1DA8D836871D21324214AE66A2FD26B741B27?11UMkGlamCc"", ""[音樂] 不是化火呀"")",04:02
6698,"=HYPERLINK(""https://manage.italkutalk.com/gameTimeCheck/88B1DA8D836871D21324214AE66A2FD26B741B27?sw&index=17"", ""[電影] 愛上特種兵17"")",02:11
6699,"=HYPERLINK(""https://manage.italkutalk.com/gameTimeCheck/88B1DA8D836871D21324214AE66A2FD26B741B27?sw&index=15"", ""[電影] 愛上特種兵16"")",03:14
6701,"=HYPERLINK(""https://manage.italkutalk.com/gameTimeCheck/88B1DA8D836871D21324214AE66A2FD26B741B27?sw&index=11"", ""[電影] 愛上特種兵11"")",02:40
6703,"=HYPERLINK(""https://manage.italkutalk.com/gameTimeCheck/88B1DA8D836871D21324214AE66A2FD26B741B27?sBfLKp4G6Iw"", ""[音樂] 稻香"")",02:49
6704,"=HYPERLINK(""https://manage.italkutalk.com/gameTimeCheck/88B1DA8D836871D21324214AE66A2FD26B741B27?Jn4Y4aHpH3k"", ""[音樂] 千千萬萬"")",04:08
6705,"=HYPERLINK(""https://manage.italkutalk.com/gameTimeCheck/88B1DA8D836871D21324214AE66A2FD26B741B27?UzbiJqOYS5Q"", ""[采訪] 紐約街美麗風景 "")",01:52
6706,"=HYPERLINK(""https://manage.italkutalk.com/gameTimeCheck/88B1DA8D836871D21324214AE66A2FD26B741B27?zK4--53npKM"", ""[采訪] 走進摩納哥  "")",01:24
6707,"=HYPERLINK(""https://manage.italkutalk.com/gameTimeCheck/88B1DA8D836871D21324214AE66A2FD26B741B27?zW5Ju0VYwuo"", ""[采訪] 紐約玩時尚"")",00:58
6708,"=HYPERLINK(""https://manage.italkutalk.com/gameTimeCheck/88B1DA8D836871D21324214AE66A2FD26B741B27?P2fWQjNMl-4"", ""[音樂] 不會演繹"")",04:24
6739,"=HYPERLINK(""https://manage.italkutalk.com/gameTimeCheck/88B1DA8D836871D21324214AE66A2FD26B741B27?3vudpmFYCC8"", ""[電影] 愛上特種兵18"")",02:15
6740,"=HYPERLINK(""https://manage.italkutalk.com/gameTimeCheck/88B1DA8D836871D21324214AE66A2FD26B741B27?V_YWCXq6PN0"", ""[電影] 愛上特種兵8"")",02:15
6741,"=HYPERLINK(""https://manage.italkutalk.com/gameTimeCheck/88B1DA8D836871D21324214AE66A2FD26B741B27?9KqXXF5YwN0"", ""[音樂] 肖戰唱歌"")",03:59
6747,"=HYPERLINK(""https://manage.italkutalk.com/gameTimeCheck/88B1DA8D836871D21324214AE66A2FD26B741B27?Dkx-fjbz92A"", ""[電影] 愛上特種兵9"")",03:15
6751,"=HYPERLINK(""https://manage.italkutalk.com/gameTimeCheck/88B1DA8D836871D21324214AE66A2FD26B741B27?mgbP5eu9bls"", ""[音樂] 夜空中最亮的星"")",03:31
6752,"=HYPERLINK(""https://manage.italkutalk.com/gameTimeCheck/88B1DA8D836871D21324214AE66A2FD26B741B27?m2M1HYabv2c"", ""[電影] 愛上特種兵19"")",03:15
6753,"=HYPERLINK(""https://manage.italkutalk.com/gameTimeCheck/88B1DA8D836871D21324214AE66A2FD26B741B27?rtdadwr0Lw8"", ""[采訪] 家具過日子 "")",04:28
6772,"=HYPERLINK(""https://manage.italkutalk.com/gameTimeCheck/88B1DA8D836871D21324214AE66A2FD26B741B27?STY7b5HqClg"", ""[電影] 愛上特種兵21"")",03:15
6773,"=HYPERLINK(""https://manage.italkutalk.com/gameTimeCheck/88B1DA8D836871D21324214AE66A2FD26B741B27?Tbq-xyuul_A"", ""[電影] 愛上特種兵23"")",03:13
6774,"=HYPERLINK(""https://manage.italkutalk.com/gameTimeCheck/88B1DA8D836871D21324214AE66A2FD26B741B27?wZJNpbOQBRU"", ""[電影] 愛上特種兵20"")",02:07
6775,"=HYPERLINK(""https://manage.italkutalk.com/gameTimeCheck/88B1DA8D836871D21324214AE66A2FD26B741B27?1h-1gY_S4qU"", ""[電影] 愛上特種兵20預告"")",03:04
6776,"=HYPERLINK(""https://manage.italkutalk.com/gameTimeCheck/88B1DA8D836871D21324214AE66A2FD26B741B27?-pO9jjMIewo"", ""[電影] 荣耀乒乓 "")",03:14
6777,"=HYPERLINK(""https://manage.italkutalk.com/gameTimeCheck/88B1DA8D836871D21324214AE66A2FD26B741B27?4UhUiuN7fdg"", ""[音樂] 給我一個理由忘記"")",03:18
6778,"=HYPERLINK(""https://manage.italkutalk.com/gameTimeCheck/88B1DA8D836871D21324214AE66A2FD26B741B27?YkLyTXJYwgI"", ""[音樂] 疑心病"")",04:53
6779,"=HYPERLINK(""https://manage.italkutalk.com/gameTimeCheck/88B1DA8D836871D21324214AE66A2FD26B741B27?eAN6u13tmt8"", ""[音樂] 敗將"")",04:45
6780,"=HYPERLINK(""https://manage.italkutalk.com/gameTimeCheck/88B1DA8D836871D21324214AE66A2FD26B741B27?Jijl1M2FH5U"", ""[電影] 愛上特種兵21預告"")",02:42
6798,"=HYPERLINK(""https://manage.italkutalk.com/gameTimeCheck/88B1DA8D836871D21324214AE66A2FD26B741B27?Grt_hm7m2ik"", ""[電影] 愛上特種兵25"")",03:13
6799,"=HYPERLINK(""https://manage.italkutalk.com/gameTimeCheck/88B1DA8D836871D21324214AE66A2FD26B741B27?WJK8486VjfU"", ""[音樂] 永不失聯的愛"")",04:40
6800,"=HYPERLINK(""https://manage.italkutalk.com/gameTimeCheck/88B1DA8D836871D21324214AE66A2FD26B741B27?WPYV7e6pz64"", ""[電影] 朋友不再聯係"")",00:50
6801,"=HYPERLINK(""https://manage.italkutalk.com/gameTimeCheck/88B1DA8D836871D21324214AE66A2FD26B741B27?rdB5Obo7Hoc"", ""[電影] 深山裏的餐廳"")",03:28
6803,"=HYPERLINK(""https://manage.italkutalk.com/gameTimeCheck/88B1DA8D836871D21324214AE66A2FD26B741B27?orb_bI5Vz_U"", ""[音樂] 終於"")",03:31
6806,"=HYPERLINK(""https://manage.italkutalk.com/gameTimeCheck/88B1DA8D836871D21324214AE66A2FD26B741B27?iIU61IEZydQ"", ""[音樂] 肖戰與楊紫"")",03:29
6807,"=HYPERLINK(""https://manage.italkutalk.com/gameTimeCheck/88B1DA8D836871D21324214AE66A2FD26B741B27?tAg366OrIF4"", ""[音樂] 下雨天"")",04:26
6809,"=HYPERLINK(""https://manage.italkutalk.com/gameTimeCheck/88B1DA8D836871D21324214AE66A2FD26B741B27?jPdwk5X0ddw"", ""[電影] 愛上特種兵12"")",02:53
6812,"=HYPERLINK(""https://manage.italkutalk.com/gameTimeCheck/88B1DA8D836871D21324214AE66A2FD26B741B27?gZQOWQ_LGG0"", ""[音樂] 鳥語林"")",04:13
6823,"=HYPERLINK(""https://manage.italkutalk.com/gameTimeCheck/88B1DA8D836871D21324214AE66A2FD26B741B27?5CWnIyiPekE"", ""[音樂] 銀河與星斗"")",03:15
6824,"=HYPERLINK(""https://manage.italkutalk.com/gameTimeCheck/88B1DA8D836871D21324214AE66A2FD26B741B27?p9286KaJjb0"", ""[電影] 成都景區"")",05:00
6837,"=HYPERLINK(""https://manage.italkutalk.com/gameTimeCheck/88B1DA8D836871D21324214AE66A2FD26B741B27?LgScLvl1x3w"", ""[電影] 最好的安排"")",00:38
6984,"=HYPERLINK(""https://manage.italkutalk.com/gameTimeCheck/88B1DA8D836871D21324214AE66A2FD26B741B27?PBRj9l_pzD8"", ""[電影] 以家人之名39 "")",04:40
6985,"=HYPERLINK(""https://manage.italkutalk.com/gameTimeCheck/88B1DA8D836871D21324214AE66A2FD26B741B27?wK2B-UhSNaU"", ""[電影] 哥哥信任妹妹"")",01:20
6986,"=HYPERLINK(""https://manage.italkutalk.com/gameTimeCheck/88B1DA8D836871D21324214AE66A2FD26B741B27?qDpxRBpgHYE"", ""[電影] 李尖尖撒嬌"")",01:37
6988,"=HYPERLINK(""https://manage.italkutalk.com/gameTimeCheck/88B1DA8D836871D21324214AE66A2FD26B741B27?azOIvILpIW8"", ""[音樂] 最近"")",04:20
6990,"=HYPERLINK(""https://manage.italkutalk.com/gameTimeCheck/88B1DA8D836871D21324214AE66A2FD26B741B27?tGIf6YOUJLQ"", ""[電影] 朋友不吐槽"")",00:34
6991,"=HYPERLINK(""https://manage.italkutalk.com/gameTimeCheck/88B1DA8D836871D21324214AE66A2FD26B741B27?g7xmoYFFduk"", ""[音樂] 手放開"")",04:50
7101,"=HYPERLINK(""https://manage.italkutalk.com/gameTimeCheck/88B1DA8D836871D21324214AE66A2FD26B741B27?k_l7FVsqUyM"", ""[音樂] 可惜不是你"")",04:48
7102,"=HYPERLINK(""https://manage.italkutalk.com/gameTimeCheck/88B1DA8D836871D21324214AE66A2FD26B741B27?22Rx4SgUh9Y"", ""[音樂] 過火"")",03:44
7103,"=HYPERLINK(""https://manage.italkutalk.com/gameTimeCheck/88B1DA8D836871D21324214AE66A2FD26B741B27?sP5vZMpBSr0"", ""[電影] 情感轉變"")",03:11
7109,"=HYPERLINK(""https://manage.italkutalk.com/gameTimeCheck/88B1DA8D836871D21324214AE66A2FD26B741B27?kc3gSQkOOXQ"", ""[電影] 一禪沒人喜歡"")",00:18
7110,"=HYPERLINK(""https://manage.italkutalk.com/gameTimeCheck/88B1DA8D836871D21324214AE66A2FD26B741B27?HexYoN09C6E"", ""[電影] 了不起的女孩"")",04:07
7119,"=HYPERLINK(""https://manage.italkutalk.com/gameTimeCheck/88B1DA8D836871D21324214AE66A2FD26B741B27?0BdFqakPJR4"", ""[音樂] 三生三世張傑"")",02:14
7120,"=HYPERLINK(""https://manage.italkutalk.com/gameTimeCheck/88B1DA8D836871D21324214AE66A2FD26B741B27?9VOxLzzzlM8"", ""[電影] 鳳九與帝君"")",02:58
7121,"=HYPERLINK(""https://manage.italkutalk.com/gameTimeCheck/88B1DA8D836871D21324214AE66A2FD26B741B27?yhD4T3yiDUw"", ""[電影] 了不起的女孩27"")",02:16
7127,"=HYPERLINK(""https://manage.italkutalk.com/gameTimeCheck/88B1DA8D836871D21324214AE66A2FD26B741B27?ej&index=17"", ""[電影] 了不起的女孩8"")",02:53
7128,"=HYPERLINK(""https://manage.italkutalk.com/gameTimeCheck/88B1DA8D836871D21324214AE66A2FD26B741B27?ej&index=10"", ""[電影] 了不起的女孩4"")",05:25
7129,"=HYPERLINK(""https://manage.italkutalk.com/gameTimeCheck/88B1DA8D836871D21324214AE66A2FD26B741B27?rRyZ-OjMS4Y"", ""[音樂] 即刻"")",04:19
7130,"=HYPERLINK(""https://manage.italkutalk.com/gameTimeCheck/88B1DA8D836871D21324214AE66A2FD26B741B27?LTzy8NF3BDo"", ""[音樂] 浪費 "")",05:06
7133,"=HYPERLINK(""https://manage.italkutalk.com/gameTimeCheck/88B1DA8D836871D21324214AE66A2FD26B741B27?D&index=100"", ""[電影] 白鹿生氣"")",01:50
7134,"=HYPERLINK(""https://manage.italkutalk.com/gameTimeCheck/88B1DA8D836871D21324214AE66A2FD26B741B27?aD&index=33"", ""[電影] 白鹿等雲熙"")",03:16
7154,"=HYPERLINK(""https://manage.italkutalk.com/gameTimeCheck/88B1DA8D836871D21324214AE66A2FD26B741B27?RF1FVsDptjM"", ""[電影] 陌生的戀人"")",03:05
7155,"=HYPERLINK(""https://manage.italkutalk.com/gameTimeCheck/88B1DA8D836871D21324214AE66A2FD26B741B27?YOMGAKlZH_c"", ""[電影] 白鹿"")",02:40
7156,"=HYPERLINK(""https://manage.italkutalk.com/gameTimeCheck/88B1DA8D836871D21324214AE66A2FD26B741B27?fsi7qXjx770"", ""[電影] 半是蜜糖24"")",01:58
7158,"=HYPERLINK(""https://manage.italkutalk.com/gameTimeCheck/88B1DA8D836871D21324214AE66A2FD26B741B27?Q2-kefSgTSM"", ""[電影] 烈火軍校"")",03:13
7159,"=HYPERLINK(""https://manage.italkutalk.com/gameTimeCheck/88B1DA8D836871D21324214AE66A2FD26B741B27?FuDdstaZXdw"", ""[音樂] 紙短情長"")",04:59
7160,"=HYPERLINK(""https://manage.italkutalk.com/gameTimeCheck/88B1DA8D836871D21324214AE66A2FD26B741B27?-aMdBA00Ijc"", ""[音樂] 大魚"")",05:15
7167,"=HYPERLINK(""https://manage.italkutalk.com/gameTimeCheck/88B1DA8D836871D21324214AE66A2FD26B741B27?kGTSgg0&t=5"", ""[電影] 陌生戀人11"")",02:30
7170,"=HYPERLINK(""https://manage.italkutalk.com/gameTimeCheck/88B1DA8D836871D21324214AE66A2FD26B741B27?NluFa3bwZig"", ""[音樂] 等一個人咖啡"")",04:17
7171,"=HYPERLINK(""https://manage.italkutalk.com/gameTimeCheck/88B1DA8D836871D21324214AE66A2FD26B741B27?sQBo-EUKlO8"", ""[電影] 陌生戀人03"")",02:47
7172,"=HYPERLINK(""https://manage.italkutalk.com/gameTimeCheck/88B1DA8D836871D21324214AE66A2FD26B741B27?PUfyYBhBuDE"", ""[音樂] 給不了未來"")",03:21
7173,"=HYPERLINK(""https://manage.italkutalk.com/gameTimeCheck/88B1DA8D836871D21324214AE66A2FD26B741B27?fHjmQn6C-3s"", ""[音樂] 你讓我懂"")",04:38
7205,"=HYPERLINK(""https://manage.italkutalk.com/gameTimeCheck/88B1DA8D836871D21324214AE66A2FD26B741B27?XHeJgLAVyEY"", ""[電影] 陌生戀人08"")",02:28
7206,"=HYPERLINK(""https://manage.italkutalk.com/gameTimeCheck/88B1DA8D836871D21324214AE66A2FD26B741B27?9iEaT_pL6qM"", ""[音樂] 陪你到世界之巔 "")",04:17
7207,"=HYPERLINK(""https://manage.italkutalk.com/gameTimeCheck/88B1DA8D836871D21324214AE66A2FD26B741B27?tHv9XMzEnjo"", ""[音樂] 不如"")",03:01
7208,"=HYPERLINK(""https://manage.italkutalk.com/gameTimeCheck/88B1DA8D836871D21324214AE66A2FD26B741B27?sw&index=17"", ""[電影] 不說再見29"")",01:34
7209,"=HYPERLINK(""https://manage.italkutalk.com/gameTimeCheck/88B1DA8D836871D21324214AE66A2FD26B741B27?3wszbON_r38"", ""[電影] 不說再見30"")",03:01
7210,"=HYPERLINK(""https://manage.italkutalk.com/gameTimeCheck/88B1DA8D836871D21324214AE66A2FD26B741B27?E_shIVe9gro"", ""[音樂] 我們都懂 "")",05:59
7211,"=HYPERLINK(""https://manage.italkutalk.com/gameTimeCheck/88B1DA8D836871D21324214AE66A2FD26B741B27?RjdnsAm7yTc"", ""[音樂] 我明白"")",04:10
7219,"=HYPERLINK(""https://manage.italkutalk.com/gameTimeCheck/88B1DA8D836871D21324214AE66A2FD26B741B27?P---r80vNOU"", ""[電影] 佟年和韓商言"")",01:45
7220,"=HYPERLINK(""https://manage.italkutalk.com/gameTimeCheck/88B1DA8D836871D21324214AE66A2FD26B741B27?7BKJwX3T4CA"", ""[電影] 你的時代32"")",02:18
7221,"=HYPERLINK(""https://manage.italkutalk.com/gameTimeCheck/88B1DA8D836871D21324214AE66A2FD26B741B27?ADzekb62lG8"", ""[電影] 你的時代38"")",03:50
7222,"=HYPERLINK(""https://manage.italkutalk.com/gameTimeCheck/88B1DA8D836871D21324214AE66A2FD26B741B27?bR8Fp1wY0Yw"", ""[音樂】 戀愛畫板"")",03:27
7225,"=HYPERLINK(""https://manage.italkutalk.com/gameTimeCheck/88B1DA8D836871D21324214AE66A2FD26B741B27?8k-LCD-C8b4"", ""[電影] 你的時代02"")",03:09
7226,"=HYPERLINK(""https://manage.italkutalk.com/gameTimeCheck/88B1DA8D836871D21324214AE66A2FD26B741B27?wEh2H4eBbF0"", ""[電影] 你的時代25"")",03:14
7227,"=HYPERLINK(""https://manage.italkutalk.com/gameTimeCheck/88B1DA8D836871D21324214AE66A2FD26B741B27?kZ-JYuNPvbE"", ""[電影] 佟年"")",03:42
7249,"=HYPERLINK(""https://manage.italkutalk.com/gameTimeCheck/88B1DA8D836871D21324214AE66A2FD26B741B27?NOfLeZs_zIc"", ""[電影] 夫妻爭氣"")",01:52
7250,"=HYPERLINK(""https://manage.italkutalk.com/gameTimeCheck/88B1DA8D836871D21324214AE66A2FD26B741B27?sToYOoEJvFA"", ""[電影] 不說再見31"")",02:34
7251,"=HYPERLINK(""https://manage.italkutalk.com/gameTimeCheck/88B1DA8D836871D21324214AE66A2FD26B741B27?KZbswFDOOsY"", ""[音樂] 消愁"")",04:22
